correction_depreciation_method_id,before_correction_string,after_correction_string,insertdatetime,updatedatetime,updateuser
1,.*旧定額.*,旧定額法,,,
2,.*旧定率.*,旧定率法,,,
3,.*H19定率.*,19年定率法,,,
5,.*旧額.*,旧定額法,,,
7,.*旧率.*,旧定率法,,,
8,.*20率.*,24年定率法,,,
9,.*⑳率.*,24年定率法,,,
10,.*200%率.*,24年定率法,,,
11,.*200%定率.*,24年定率法,,,
12,.*250%定率.*,19年定率法,,,
13,.*250%率.*,19年定率法,,,
16,.*②0率.*,24年定率法,,,
4,.*リース定額.*,リース定額法,,,
14,.*リ定.*,リース定額法,,,
15,.*り定.*,リース定額法,,,
17,.*非償.*,非償却,,,
19,.*均等償却.*,一括償却資産,,,
18,.*少額.*,少額減価償却資産,,,
6,.*[^リース]定額.*,新定額法,,,
20,.*25率.*,19年定率法,,,
21,^定額$,新定額法,,,
22,^定率$,24年定率法,,,
23,^定額法$,新定額法,,,
24,^定率法$,24年定率法,,,
