fixed_asset_account_id,before_correction_string,after_correction_string,insertdatetime,updatedatetime,updateuser
0,管理棟建物,建物・構築物,,,
1,管理部倉庫,建物・構築物,,,
10,.*車両及び運搬具.*,車両・運搬具,,,
11,.*建物付属設備.*,建物・構築物,,,
12,.*無形固定資産.*,その他無形固定資産,,,
13,.*機械及び装置.*,機械・装置等,,,
14,.*車両及び運搬具.*,車両・運搬具,,,
15,.*無形原価償却資産.*,その他無形固定資産,,,
16,.*器具・備品.*,工具・器具・備品,,,
17,.*什器・備品.*,工具・器具・備品,,,
18,.*建物附属設備.*,建物・構築物,,,
19,.*車輛運搬具.*,車両・運搬具,,,
2,パソコン,工具・器具・備品,,,
20,.*仕器備品.*,工具・器具・備品,,,
21,.*代器備品.*,工具・器具・備品,,,
3,.*建物.*,建物・構築物,,,
4,.*構築物.*,建物・構築物,,,
5,.*機械装置.*,機械・装置等,,,
6,.*車両運搬具.*,車両・運搬具,,,
7,.*器具及び備品.*,工具・器具・備品,,,
8,.*リース資産（有形）.*,リース資産（有形固定資産）,,,
9,.*リース資産\\(有形\\).*,リース資産（有形固定資産）,,,
