"bank_code","branch_no","bank_name","bank_name_view","insertdatetime","updatedatetime","updateuser"
"0001","0","みずほ銀行","0001:みずほ銀行","","",""
"0005","0","三菱ＵＦＪ銀行","0005:三菱ＵＦＪ銀行","","",""
"0009","0","三井住友銀行","0009:三井住友銀行","","",""
"0010","0","りそな銀行","0010:りそな銀行","","",""
"0017","0","埼玉りそな銀行","0017:埼玉りそな銀行","","",""
"0033","0","ＰａｙＰａｙ銀行","0033:ＰａｙＰａｙ銀行","","",""
"0034","0","セブン銀行","0034:セブン銀行","","",""
"0035","0","ソニー銀行","0035:ソニー銀行","","",""
"0036","0","楽天銀行","0036:楽天銀行","","",""
"0038","0","住信ＳＢＩネット銀行","0038:住信ＳＢＩネット銀行","","",""
"0039","0","ａｕじぶん銀行","0039:ａｕじぶん銀行","","",""
"0040","0","イオン銀行","0040:イオン銀行","","",""
"0041","0","大和ネクスト銀行","0041:大和ネクスト銀行","","",""
"0042","0","ローソン銀行","0042:ローソン銀行","","",""
"0043","0","みんなの銀行","0043:みんなの銀行","","",""
"0044","0","ＵＩ銀行","0044:ＵＩ銀行","","",""
"0116","0","北海道銀行","0116:北海道銀行","","",""
"0117","0","青森銀行","0117:青森銀行","","",""
"0117","1","青森みちのく銀行","0117:青森みちのく銀行","","",""
"0118","0","みちのく銀行","0118:みちのく銀行","","",""
"0119","0","秋田銀行","0119:秋田銀行","","",""
"0120","0","北都銀行","0120:北都銀行","","",""
"0121","0","荘内銀行","0121:荘内銀行","","",""
"0122","0","山形銀行","0122:山形銀行","","",""
"0123","0","岩手銀行","0123:岩手銀行","","",""
"0124","0","東北銀行","0124:東北銀行","","",""
"0125","0","七十七銀行","0125:七十七銀行","","",""
"0126","0","東邦銀行","0126:東邦銀行","","",""
"0128","0","群馬銀行","0128:群馬銀行","","",""
"0129","0","足利銀行","0129:足利銀行","","",""
"0130","0","常陽銀行","0130:常陽銀行","","",""
"0131","0","筑波銀行","0131:筑波銀行","","",""
"0133","0","武蔵野銀行","0133:武蔵野銀行","","",""
"0134","0","千葉銀行","0134:千葉銀行","","",""
"0135","0","千葉興業銀行","0135:千葉興業銀行","","",""
"0137","0","きらぼし銀行","0137:きらぼし銀行","","",""
"0138","0","横浜銀行","0138:横浜銀行","","",""
"0140","0","第四北越銀行","0140:第四北越銀行","","",""
"0142","0","山梨中央銀行","0142:山梨中央銀行","","",""
"0143","0","八十二銀行","0143:八十二銀行","","",""
"0143","1","八十二長野銀行","0143:八十二長野銀行","","",""
"0144","0","北陸銀行","0144:北陸銀行","","",""
"0145","0","富山銀行","0145:富山銀行","","",""
"0146","0","北国銀行","0146:北国銀行","","",""
"0147","0","福井銀行","0147:福井銀行","","",""
"0149","0","静岡銀行","0149:静岡銀行","","",""
"0150","0","スルガ銀行","0150:スルガ銀行","","",""
"0151","0","清水銀行","0151:清水銀行","","",""
"0152","0","大垣共立銀行","0152:大垣共立銀行","","",""
"0153","0","十六銀行","0153:十六銀行","","",""
"0154","0","三十三銀行","0154:三十三銀行","","",""
"0155","0","百五銀行","0155:百五銀行","","",""
"0157","0","滋賀銀行","0157:滋賀銀行","","",""
"0158","0","京都銀行","0158:京都銀行","","",""
"0159","0","関西みらい銀行","0159:関西みらい銀行","","",""
"0161","0","池田泉州銀行","0161:池田泉州銀行","","",""
"0162","0","南都銀行","0162:南都銀行","","",""
"0163","0","紀陽銀行","0163:紀陽銀行","","",""
"0164","0","但馬銀行","0164:但馬銀行","","",""
"0166","0","鳥取銀行","0166:鳥取銀行","","",""
"0167","0","山陰合同銀行","0167:山陰合同銀行","","",""
"0168","0","中国銀行","0168:中国銀行","","",""
"0169","0","広島銀行","0169:広島銀行","","",""
"0170","0","山口銀行","0170:山口銀行","","",""
"0172","0","阿波銀行","0172:阿波銀行","","",""
"0173","0","百十四銀行","0173:百十四銀行","","",""
"0174","0","伊予銀行","0174:伊予銀行","","",""
"0175","0","四国銀行","0175:四国銀行","","",""
"0177","0","福岡銀行","0177:福岡銀行","","",""
"0178","0","筑邦銀行","0178:筑邦銀行","","",""
"0179","0","佐賀銀行","0179:佐賀銀行","","",""
"0181","0","十八親和銀行","0181:十八親和銀行","","",""
"0182","0","肥後銀行","0182:肥後銀行","","",""
"0183","0","大分銀行","0183:大分銀行","","",""
"0184","0","宮崎銀行","0184:宮崎銀行","","",""
"0185","0","鹿児島銀行","0185:鹿児島銀行","","",""
"0187","0","琉球銀行","0187:琉球銀行","","",""
"0188","0","沖縄銀行","0188:沖縄銀行","","",""
"0190","0","西日本シティ銀行","0190:西日本シティ銀行","","",""
"0191","0","北九州銀行","0191:北九州銀行","","",""
"0288","0","三菱ＵＦＪ信託銀行","0288:三菱ＵＦＪ信託銀行","","",""
"0289","0","みずほ信託銀行","0289:みずほ信託銀行","","",""
"0294","0","三井住友信託銀行","0294:三井住友信託銀行","","",""
"0295","0","ニューヨークメロン信託銀行","0295:ニューヨークメロン信託銀行","","",""
"0297","0","日本マスタートラスト信託銀行","0297:日本マスタートラスト信託銀行","","",""
"0299","0","ステート・ストリート信託銀行","0299:ステート・ストリート信託銀行","","",""
"0300","0","ＳＭＢＣ信託銀行","0300:ＳＭＢＣ信託銀行","","",""
"0304","0","野村信託銀行","0304:野村信託銀行","","",""
"0307","0","オリックス銀行","0307:オリックス銀行","","",""
"0310","0","ＧＭＯあおぞらネット銀行","0310:ＧＭＯあおぞらネット銀行","","",""
"0311","0","農中信託銀行","0311:農中信託銀行","","",""
"0320","0","新生信託銀行","0320:新生信託銀行","","",""
"0321","0","日証金信託銀行","0321:日証金信託銀行","","",""
"0324","0","日本カストディ銀行","0324:日本カストディ銀行","","",""
"0397","0","ＳＢＩ新生銀行","0397:ＳＢＩ新生銀行","","",""
"0398","0","あおぞら銀行","0398:あおぞら銀行","","",""
"0401","0","シティバンク、エヌ・エイ","0401:シティバンク、エヌ・エイ","","",""
"0402","0","ジェー・ピー・モルガン・チェース・バンク・ナショナル・アソシ","0402:ジェー・ピー・モルガン・チェース・バンク・ナショナル・アソシ","","",""
"0403","0","バンク・オブ・アメリカ・エヌ・エイ","0403:バンク・オブ・アメリカ・エヌ・エイ","","",""
"0411","0","香港上海","0411:香港上海","","",""
"0413","0","スタンダード　チャータード","0413:スタンダード　チャータード","","",""
"0414","0","バークレイズ","0414:バークレイズ","","",""
"0421","0","クレディ・アグリコル","0421:クレディ・アグリコル","","",""
"0423","0","ハナ","0423:ハナ","","",""
"0424","0","印度","0424:印度","","",""
"0425","0","兆豐國際商業","0425:兆豐國際商業","","",""
"0426","0","バンコック","0426:バンコック","","",""
"0429","0","バンクネガラインドネシア","0429:バンクネガラインドネシア","","",""
"0430","0","ドイツ","0430:ドイツ","","",""
"0432","0","ブラジル","0432:ブラジル","","",""
"0438","0","ユナイテッド・オーバーシーズ","0438:ユナイテッド・オーバーシーズ","","",""
"0439","0","ユービーエス・エイ・ジー","0439:ユービーエス・エイ・ジー","","",""
"0442","0","ニューヨークメロン","0442:ニューヨークメロン","","",""
"0443","0","ビー・エヌ・ピー・パリバ","0443:ビー・エヌ・ピー・パリバ","","",""
"0444","0","オーバーシー・チャイニーズ","0444:オーバーシー・チャイニーズ","","",""
"0445","0","ソシエテ　ジェネラル","0445:ソシエテ　ジェネラル","","",""
"0456","0","ユバフーアラブ・フランス連合","0456:ユバフーアラブ・フランス連合","","",""
"0458","0","ＤＢＳ","0458:ＤＢＳ","","",""
"0459","0","パキスタン・ナショナル","0459:パキスタン・ナショナル","","",""
"0460","0","クレディ・スイス","0460:クレディ・スイス","","",""
"0461","0","コメルツ","0461:コメルツ","","",""
"0463","0","ウニクレディト","0463:ウニクレディト","","",""
"0468","0","インドステイト","0468:インドステイト","","",""
"0471","0","カナダロイヤル","0471:カナダロイヤル","","",""
"0472","0","ＳＢＪ","0472:ＳＢＪ","","",""
"0477","0","ウリィ","0477:ウリィ","","",""
"0482","0","アイエヌジーバンク　エヌ・ヴイ","0482:アイエヌジーバンク　エヌ・ヴイ","","",""
"0484","0","ナショナル・オーストラリア・バンク・リミテッド","0484:ナショナル・オーストラリア・バンク・リミテッド","","",""
"0485","0","オーストラリア・ニュージーランド","0485:オーストラリア・ニュージーランド","","",""
"0487","0","オーストラリア・コモンウエルス","0487:オーストラリア・コモンウエルス","","",""
"0489","0","バンク・オブ・チャイナ","0489:バンク・オブ・チャイナ","","",""
"0495","0","ステート・ストリート","0495:ステート・ストリート","","",""
"0498","0","中小企業","0498:中小企業","","",""
"0501","0","北洋銀行","0501:北洋銀行","","",""
"0508","0","きらやか銀行","0508:きらやか銀行","","",""
"0509","0","北日本銀行","0509:北日本銀行","","",""
"0512","0","仙台銀行","0512:仙台銀行","","",""
"0513","0","福島銀行","0513:福島銀行","","",""
"0514","0","大東銀行","0514:大東銀行","","",""
"0516","0","東和銀行","0516:東和銀行","","",""
"0517","0","栃木銀行","0517:栃木銀行","","",""
"0522","0","京葉銀行","0522:京葉銀行","","",""
"0525","0","東日本銀行","0525:東日本銀行","","",""
"0526","0","東京スター銀行","0526:東京スター銀行","","",""
"0530","0","神奈川銀行","0530:神奈川銀行","","",""
"0532","0","大光銀行","0532:大光銀行","","",""
"0533","0","長野銀行","0533:長野銀行","","",""
"0534","0","富山第一銀行","0534:富山第一銀行","","",""
"0537","0","福邦銀行","0537:福邦銀行","","",""
"0538","0","静岡中央銀行","0538:静岡中央銀行","","",""
"0542","0","愛知銀行","0542:愛知銀行","","",""
"0542","1","あいち銀行","0542:あいち銀行","","",""
"0543","0","名古屋銀行","0543:名古屋銀行","","",""
"0544","0","中京銀行","0544:中京銀行","","",""
"0562","0","みなと銀行","0562:みなと銀行","","",""
"0565","0","島根銀行","0565:島根銀行","","",""
"0566","0","トマト銀行","0566:トマト銀行","","",""
"0569","0","もみじ銀行","0569:もみじ銀行","","",""
"0570","0","西京銀行","0570:西京銀行","","",""
"0572","0","徳島大正銀行","0572:徳島大正銀行","","",""
"0573","0","香川銀行","0573:香川銀行","","",""
"0576","0","愛媛銀行","0576:愛媛銀行","","",""
"0578","0","高知銀行","0578:高知銀行","","",""
"0582","0","福岡中央銀行","0582:福岡中央銀行","","",""
"0583","0","佐賀共栄銀行","0583:佐賀共栄銀行","","",""
"0585","0","長崎銀行","0585:長崎銀行","","",""
"0587","0","熊本銀行","0587:熊本銀行","","",""
"0590","0","豊和銀行","0590:豊和銀行","","",""
"0591","0","宮崎太陽銀行","0591:宮崎太陽銀行","","",""
"0594","0","南日本銀行","0594:南日本銀行","","",""
"0596","0","沖縄海邦銀行","0596:沖縄海邦銀行","","",""
"0601","0","農協","0601:農協","","",""
"0602","0","漁協","0602:漁協","","",""
"0603","0","韓国産業","0603:韓国産業","","",""
"0607","0","彰化商業","0607:彰化商業","","",""
"0608","0","ウェルズ・ファーゴ","0608:ウェルズ・ファーゴ","","",""
"0611","0","第一商業","0611:第一商業","","",""
"0612","0","台湾","0612:台湾","","",""
"0615","0","交通","0615:交通","","",""
"0616","0","メトロポリタン","0616:メトロポリタン","","",""
"0617","0","フィリピン・ナショナル・バンク","0617:フィリピン・ナショナル・バンク","","",""
"0619","0","中国工商","0619:中国工商","","",""
"0621","0","中國信託商業","0621:中國信託商業","","",""
"0623","0","インテーザ・サンパオロ","0623:インテーザ・サンパオロ","","",""
"0624","0","國民","0624:國民","","",""
"0625","0","中国建設","0625:中国建設","","",""
"0626","0","イタウ・ウニバンコ","0626:イタウ・ウニバンコ","","",""
"0627","0","ビルバオ・ビスカヤ・アルヘンタリア","0627:ビルバオ・ビスカヤ・アルヘンタリア","","",""
"0630","0","中国農業","0630:中国農業","","",""
"0631","0","台新國際商業","0631:台新國際商業","","",""
"0632","0","玉山","0632:玉山","","",""
"0633","0","台湾中小企業","0633:台湾中小企業","","",""
"1000","0","信金中央金庫","1000:信金中央金庫","","",""
"1001","0","北海道信金","1001:北海道信金","","",""
"1003","0","室蘭信金","1003:室蘭信金","","",""
"1004","0","空知信金","1004:空知信金","","",""
"1006","0","苫小牧信金","1006:苫小牧信金","","",""
"1008","0","北門信金","1008:北門信金","","",""
"1009","0","伊達信金","1009:伊達信金","","",""
"1010","0","北空知信金","1010:北空知信金","","",""
"1011","0","日高信金","1011:日高信金","","",""
"1013","0","渡島信金","1013:渡島信金","","",""
"1014","0","道南うみ街信金","1014:道南うみ街信金","","",""
"1020","0","旭川信金","1020:旭川信金","","",""
"1021","0","稚内信金","1021:稚内信金","","",""
"1022","0","留萌信金","1022:留萌信金","","",""
"1024","0","北星信金","1024:北星信金","","",""
"1026","0","帯広信金","1026:帯広信金","","",""
"1027","0","釧路信金","1027:釧路信金","","",""
"1028","0","大地みらい信金","1028:大地みらい信金","","",""
"1030","0","北見信金","1030:北見信金","","",""
"1031","0","網走信金","1031:網走信金","","",""
"1033","0","遠軽信金","1033:遠軽信金","","",""
"1104","0","東奥信金","1104:東奥信金","","",""
"1105","0","青い森信金","1105:青い森信金","","",""
"1120","0","秋田信金","1120:秋田信金","","",""
"1123","0","羽後信金","1123:羽後信金","","",""
"1140","0","山形信金","1140:山形信金","","",""
"1141","0","米沢信金","1141:米沢信金","","",""
"1142","0","鶴岡信金","1142:鶴岡信金","","",""
"1143","0","新庄信金","1143:新庄信金","","",""
"1150","0","盛岡信金","1150:盛岡信金","","",""
"1152","0","宮古信金","1152:宮古信金","","",""
"1153","0","一関信金","1153:一関信金","","",""
"1154","0","北上信金","1154:北上信金","","",""
"1155","0","花巻信金","1155:花巻信金","","",""
"1156","0","水沢信金","1156:水沢信金","","",""
"1170","0","杜の都信金","1170:杜の都信金","","",""
"1171","0","宮城第一信金","1171:宮城第一信金","","",""
"1172","0","石巻信金","1172:石巻信金","","",""
"1174","0","仙南信金","1174:仙南信金","","",""
"1175","0","気仙沼信金","1175:気仙沼信金","","",""
"1181","0","会津信金","1181:会津信金","","",""
"1182","0","郡山信金","1182:郡山信金","","",""
"1184","0","白河信金","1184:白河信金","","",""
"1185","0","須賀川信金","1185:須賀川信金","","",""
"1186","0","ひまわり信金","1186:ひまわり信金","","",""
"1188","0","あぶくま信金","1188:あぶくま信金","","",""
"1189","0","二本松信金","1189:二本松信金","","",""
"1190","0","福島信金","1190:福島信金","","",""
"1203","0","高崎信金","1203:高崎信金","","",""
"1204","0","桐生信金","1204:桐生信金","","",""
"1206","0","アイオー信金","1206:アイオー信金","","",""
"1208","0","利根郡信金","1208:利根郡信金","","",""
"1209","0","館林信金","1209:館林信金","","",""
"1210","0","北群馬信金","1210:北群馬信金","","",""
"1211","0","しののめ信金","1211:しののめ信金","","",""
"1221","0","足利小山信金","1221:足利小山信金","","",""
"1222","0","栃木信金","1222:栃木信金","","",""
"1223","0","鹿沼相互信金","1223:鹿沼相互信金","","",""
"1224","0","佐野信金","1224:佐野信金","","",""
"1225","0","大田原信金","1225:大田原信金","","",""
"1227","0","烏山信金","1227:烏山信金","","",""
"1240","0","水戸信金","1240:水戸信金","","",""
"1242","0","結城信金","1242:結城信金","","",""
"1250","0","埼玉県信金","1250:埼玉県信金","","",""
"1251","0","川口信金","1251:川口信金","","",""
"1252","0","青木信金","1252:青木信金","","",""
"1253","0","飯能信金","1253:飯能信金","","",""
"1260","0","千葉信金","1260:千葉信金","","",""
"1261","0","銚子信金","1261:銚子信金","","",""
"1262","0","東京ベイ信金","1262:東京ベイ信金","","",""
"1264","0","館山信金","1264:館山信金","","",""
"1267","0","佐原信金","1267:佐原信金","","",""
"1280","0","横浜信金","1280:横浜信金","","",""
"1281","0","かながわ信金","1281:かながわ信金","","",""
"1282","0","湘南信金","1282:湘南信金","","",""
"1283","0","川崎信金","1283:川崎信金","","",""
"1286","0","平塚信金","1286:平塚信金","","",""
"1288","0","さがみ信金","1288:さがみ信金","","",""
"1289","0","中栄信金","1289:中栄信金","","",""
"1290","0","中南信金","1290:中南信金","","",""
"1303","0","朝日信金","1303:朝日信金","","",""
"1305","0","興産信金","1305:興産信金","","",""
"1310","0","さわやか信金","1310:さわやか信金","","",""
"1311","0","東京シティ信金","1311:東京シティ信金","","",""
"1319","0","芝信金","1319:芝信金","","",""
"1320","0","東京東信金","1320:東京東信金","","",""
"1321","0","東栄信金","1321:東栄信金","","",""
"1323","0","亀有信金","1323:亀有信金","","",""
"1326","0","小松川信金","1326:小松川信金","","",""
"1327","0","足立成和信金","1327:足立成和信金","","",""
"1333","0","東京三協信金","1333:東京三協信金","","",""
"1336","0","西京信金","1336:西京信金","","",""
"1341","0","西武信金","1341:西武信金","","",""
"1344","0","城南信金","1344:城南信金","","",""
"1345","0","昭和信金","1345:昭和信金","","",""
"1346","0","目黒信金","1346:目黒信金","","",""
"1348","0","世田谷信金","1348:世田谷信金","","",""
"1349","0","東京信金","1349:東京信金","","",""
"1351","0","城北信金","1351:城北信金","","",""
"1352","0","瀧野川信金","1352:瀧野川信金","","",""
"1356","0","巣鴨信金","1356:巣鴨信金","","",""
"1358","0","青梅信金","1358:青梅信金","","",""
"1360","0","多摩信金","1360:多摩信金","","",""
"1370","0","新潟信金","1370:新潟信金","","",""
"1371","0","長岡信金","1371:長岡信金","","",""
"1373","0","三条信金","1373:三条信金","","",""
"1374","0","新発田信金","1374:新発田信金","","",""
"1375","0","柏崎信金","1375:柏崎信金","","",""
"1376","0","上越信金","1376:上越信金","","",""
"1377","0","新井信金","1377:新井信金","","",""
"1379","0","村上信金","1379:村上信金","","",""
"1380","0","加茂信金","1380:加茂信金","","",""
"1385","0","甲府信金","1385:甲府信金","","",""
"1386","0","山梨信金","1386:山梨信金","","",""
"1390","0","長野信金","1390:長野信金","","",""
"1391","0","松本信金","1391:松本信金","","",""
"1392","0","上田信金","1392:上田信金","","",""
"1393","0","諏訪信金","1393:諏訪信金","","",""
"1394","0","飯田信金","1394:飯田信金","","",""
"1396","0","アルプス中央信金","1396:アルプス中央信金","","",""
"1401","0","富山信金","1401:富山信金","","",""
"1402","0","高岡信金","1402:高岡信金","","",""
"1404","0","新湊信金","1404:新湊信金","","",""
"1405","0","にいかわ信金","1405:にいかわ信金","","",""
"1406","0","氷見伏木信金","1406:氷見伏木信金","","",""
"1412","0","砺波信金","1412:砺波信金","","",""
"1413","0","石動信金","1413:石動信金","","",""
"1440","0","金沢信金","1440:金沢信金","","",""
"1442","0","のと共栄信金","1442:のと共栄信金","","",""
"1444","0","はくさん信金","1444:はくさん信金","","",""
"1448","0","興能信金","1448:興能信金","","",""
"1470","0","福井信金","1470:福井信金","","",""
"1471","0","敦賀信金","1471:敦賀信金","","",""
"1473","0","小浜信金","1473:小浜信金","","",""
"1475","0","越前信金","1475:越前信金","","",""
"1501","0","しずおか焼津信金","1501:しずおか焼津信金","","",""
"1502","0","静清信金","1502:静清信金","","",""
"1503","0","浜松磐田信金","1503:浜松磐田信金","","",""
"1505","0","沼津信金","1505:沼津信金","","",""
"1506","0","三島信金","1506:三島信金","","",""
"1507","0","富士宮信金","1507:富士宮信金","","",""
"1513","0","島田掛川信金","1513:島田掛川信金","","",""
"1515","0","富士信金","1515:富士信金","","",""
"1517","0","遠州信金","1517:遠州信金","","",""
"1530","0","岐阜信金","1530:岐阜信金","","",""
"1531","0","大垣西濃信金","1531:大垣西濃信金","","",""
"1532","0","高山信金","1532:高山信金","","",""
"1533","0","東濃信金","1533:東濃信金","","",""
"1534","0","関信金","1534:関信金","","",""
"1538","0","八幡信金","1538:八幡信金","","",""
"1550","0","愛知信金","1550:愛知信金","","",""
"1551","0","豊橋信金","1551:豊橋信金","","",""
"1552","0","岡崎信金","1552:岡崎信金","","",""
"1553","0","いちい信金","1553:いちい信金","","",""
"1554","0","瀬戸信金","1554:瀬戸信金","","",""
"1555","0","半田信金","1555:半田信金","","",""
"1556","0","知多信金","1556:知多信金","","",""
"1557","0","豊川信金","1557:豊川信金","","",""
"1559","0","豊田信金","1559:豊田信金","","",""
"1560","0","碧海信金","1560:碧海信金","","",""
"1561","0","西尾信金","1561:西尾信金","","",""
"1562","0","蒲郡信金","1562:蒲郡信金","","",""
"1563","0","尾西信金","1563:尾西信金","","",""
"1565","0","中日信金","1565:中日信金","","",""
"1566","0","東春信金","1566:東春信金","","",""
"1580","0","津信金","1580:津信金","","",""
"1581","0","北伊勢上野信金","1581:北伊勢上野信金","","",""
"1583","0","桑名三重信金","1583:桑名三重信金","","",""
"1585","0","紀北信金","1585:紀北信金","","",""
"1602","0","滋賀中央信金","1602:滋賀中央信金","","",""
"1603","0","長浜信金","1603:長浜信金","","",""
"1604","0","湖東信金","1604:湖東信金","","",""
"1610","0","京都信金","1610:京都信金","","",""
"1611","0","京都中央信金","1611:京都中央信金","","",""
"1620","0","京都北都信金","1620:京都北都信金","","",""
"1630","0","大阪信金","1630:大阪信金","","",""
"1633","0","大阪厚生信金","1633:大阪厚生信金","","",""
"1635","0","大阪シティ信金","1635:大阪シティ信金","","",""
"1636","0","大阪商工信金","1636:大阪商工信金","","",""
"1643","0","永和信金","1643:永和信金","","",""
"1645","0","北おおさか信金","1645:北おおさか信金","","",""
"1656","0","枚方信金","1656:枚方信金","","",""
"1666","0","奈良信金","1666:奈良信金","","",""
"1667","0","大和信金","1667:大和信金","","",""
"1668","0","奈良中央信金","1668:奈良中央信金","","",""
"1671","0","新宮信金","1671:新宮信金","","",""
"1674","0","きのくに信金","1674:きのくに信金","","",""
"1680","0","神戸信金","1680:神戸信金","","",""
"1685","0","姫路信金","1685:姫路信金","","",""
"1686","0","播州信金","1686:播州信金","","",""
"1687","0","兵庫信金","1687:兵庫信金","","",""
"1688","0","尼崎信金","1688:尼崎信金","","",""
"1689","0","日新信金","1689:日新信金","","",""
"1691","0","淡路信金","1691:淡路信金","","",""
"1692","0","但馬信金","1692:但馬信金","","",""
"1694","0","西兵庫信金","1694:西兵庫信金","","",""
"1695","0","中兵庫信金","1695:中兵庫信金","","",""
"1696","0","但陽信金","1696:但陽信金","","",""
"1701","0","鳥取信金","1701:鳥取信金","","",""
"1702","0","米子信金","1702:米子信金","","",""
"1703","0","倉吉信金","1703:倉吉信金","","",""
"1710","0","しまね信金","1710:しまね信金","","",""
"1711","0","日本海信金","1711:日本海信金","","",""
"1712","0","島根中央信金","1712:島根中央信金","","",""
"1732","0","おかやま信金","1732:おかやま信金","","",""
"1734","0","水島信金","1734:水島信金","","",""
"1735","0","津山信金","1735:津山信金","","",""
"1738","0","玉島信金","1738:玉島信金","","",""
"1740","0","備北信金","1740:備北信金","","",""
"1741","0","吉備信金","1741:吉備信金","","",""
"1743","0","備前日生信金","1743:備前日生信金","","",""
"1750","0","広島信金","1750:広島信金","","",""
"1752","0","呉信金","1752:呉信金","","",""
"1756","0","しまなみ信金","1756:しまなみ信金","","",""
"1758","0","広島みどり信金","1758:広島みどり信金","","",""
"1780","0","萩山口信金","1780:萩山口信金","","",""
"1781","0","西中国信金","1781:西中国信金","","",""
"1789","0","東山口信金","1789:東山口信金","","",""
"1801","0","徳島信金","1801:徳島信金","","",""
"1803","0","阿南信金","1803:阿南信金","","",""
"1830","0","高松信金","1830:高松信金","","",""
"1833","0","観音寺信金","1833:観音寺信金","","",""
"1860","0","愛媛信金","1860:愛媛信金","","",""
"1862","0","宇和島信金","1862:宇和島信金","","",""
"1864","0","東予信金","1864:東予信金","","",""
"1866","0","川之江信金","1866:川之江信金","","",""
"1880","0","幡多信金","1880:幡多信金","","",""
"1881","0","高知信金","1881:高知信金","","",""
"1901","0","福岡信金","1901:福岡信金","","",""
"1903","0","福岡ひびき信金","1903:福岡ひびき信金","","",""
"1908","0","大牟田柳川信金","1908:大牟田柳川信金","","",""
"1909","0","筑後信金","1909:筑後信金","","",""
"1910","0","飯塚信金","1910:飯塚信金","","",""
"1913","0","田川信金","1913:田川信金","","",""
"1917","0","大川信金","1917:大川信金","","",""
"1920","0","遠賀信金","1920:遠賀信金","","",""
"1930","0","唐津信金","1930:唐津信金","","",""
"1931","0","佐賀信金","1931:佐賀信金","","",""
"1932","0","伊万里信金","1932:伊万里信金","","",""
"1933","0","九州ひぜん信金","1933:九州ひぜん信金","","",""
"1942","0","たちばな信金","1942:たちばな信金","","",""
"1951","0","熊本信金","1951:熊本信金","","",""
"1952","0","熊本第一信金","1952:熊本第一信金","","",""
"1954","0","熊本中央信金","1954:熊本中央信金","","",""
"1955","0","天草信金","1955:天草信金","","",""
"1960","0","大分信金","1960:大分信金","","",""
"1962","0","大分みらい信金","1962:大分みらい信金","","",""
"1968","0","日田信金","1968:日田信金","","",""
"1980","0","宮崎第一信金","1980:宮崎第一信金","","",""
"1982","0","延岡信金","1982:延岡信金","","",""
"1985","0","高鍋信金","1985:高鍋信金","","",""
"1990","0","鹿児島信金","1990:鹿児島信金","","",""
"1991","0","鹿児島相互信金","1991:鹿児島相互信金","","",""
"1993","0","奄美大島信金","1993:奄美大島信金","","",""
"1996","0","コザ信金","1996:コザ信金","","",""
"2004","0","商工中金","2004:商工中金","","",""
"2010","0","全信組連","2010:全信組連","","",""
"2011","0","北央信組","2011:北央信組","","",""
"2013","0","札幌中央信組","2013:札幌中央信組","","",""
"2014","0","ウリ信組","2014:ウリ信組","","",""
"2017","0","函館商工信組","2017:函館商工信組","","",""
"2019","0","空知商工信組","2019:空知商工信組","","",""
"2024","0","十勝信組","2024:十勝信組","","",""
"2025","0","釧路信組","2025:釧路信組","","",""
"2030","0","青森県信組","2030:青森県信組","","",""
"2045","0","杜陵信組","2045:杜陵信組","","",""
"2049","0","岩手県医師信組","2049:岩手県医師信組","","",""
"2060","0","あすか信組","2060:あすか信組","","",""
"2061","0","石巻商工信組","2061:石巻商工信組","","",""
"2062","0","古川信組","2062:古川信組","","",""
"2063","0","仙北信組","2063:仙北信組","","",""
"2075","0","秋田県信組","2075:秋田県信組","","",""
"2083","0","北郡信組","2083:北郡信組","","",""
"2084","0","山形中央信組","2084:山形中央信組","","",""
"2085","0","山形第一信組","2085:山形第一信組","","",""
"2087","0","山形県医師信組","2087:山形県医師信組","","",""
"2090","0","福島県商工信組","2090:福島県商工信組","","",""
"2092","0","いわき信組","2092:いわき信組","","",""
"2095","0","相双五城信組","2095:相双五城信組","","",""
"2096","0","会津商工信組","2096:会津商工信組","","",""
"2101","0","茨城県信組","2101:茨城県信組","","",""
"2122","0","真岡信組","2122:真岡信組","","",""
"2125","0","那須信組","2125:那須信組","","",""
"2143","0","あかぎ信組","2143:あかぎ信組","","",""
"2146","0","群馬県信組","2146:群馬県信組","","",""
"2149","0","ぐんまみらい信組","2149:ぐんまみらい信組","","",""
"2151","0","群馬県医師信組","2151:群馬県医師信組","","",""
"2162","0","埼玉県医師信組","2162:埼玉県医師信組","","",""
"2165","0","熊谷商工信組","2165:熊谷商工信組","","",""
"2167","0","埼玉信組","2167:埼玉信組","","",""
"2180","0","房総信組","2180:房総信組","","",""
"2184","0","銚子商工信組","2184:銚子商工信組","","",""
"2190","0","君津信組","2190:君津信組","","",""
"2202","0","全東栄信組","2202:全東栄信組","","",""
"2210","0","東浴信組","2210:東浴信組","","",""
"2211","0","文化産業信組","2211:文化産業信組","","",""
"2213","0","整理回収機構","2213:整理回収機構","","",""
"2215","0","東京証券信組","2215:東京証券信組","","",""
"2224","0","東京厚生信組","2224:東京厚生信組","","",""
"2226","0","東信組","2226:東信組","","",""
"2229","0","江東信組","2229:江東信組","","",""
"2231","0","青和信組","2231:青和信組","","",""
"2235","0","中ノ郷信組","2235:中ノ郷信組","","",""
"2241","0","共立信組","2241:共立信組","","",""
"2243","0","七島信組","2243:七島信組","","",""
"2248","0","大東京信組","2248:大東京信組","","",""
"2254","0","第一勧業信組","2254:第一勧業信組","","",""
"2271","0","警視庁職員信組","2271:警視庁職員信組","","",""
"2274","0","東京消防信組","2274:東京消防信組","","",""
"2276","0","東京都職員信組","2276:東京都職員信組","","",""
"2277","0","ハナ信組","2277:ハナ信組","","",""
"2304","0","神奈川県医師信組","2304:神奈川県医師信組","","",""
"2305","0","神奈川県歯科医師信組","2305:神奈川県歯科医師信組","","",""
"2306","0","横浜幸銀信組","2306:横浜幸銀信組","","",""
"2307","0","横浜華銀信組","2307:横浜華銀信組","","",""
"2315","0","小田原第一信組","2315:小田原第一信組","","",""
"2318","0","相愛信組","2318:相愛信組","","",""
"2332","0","静岡県医師信組","2332:静岡県医師信組","","",""
"2351","0","新潟県信組","2351:新潟県信組","","",""
"2354","0","新潟鉄道信組","2354:新潟鉄道信組","","",""
"2356","0","興栄信組","2356:興栄信組","","",""
"2357","0","はばたき信組","2357:はばたき信組","","",""
"2360","0","協栄信組","2360:協栄信組","","",""
"2361","0","三條信組","2361:三條信組","","",""
"2362","0","巻信組","2362:巻信組","","",""
"2363","0","新潟大栄信組","2363:新潟大栄信組","","",""
"2365","0","塩沢信組","2365:塩沢信組","","",""
"2366","0","糸魚川信組","2366:糸魚川信組","","",""
"2377","0","山梨県民信組","2377:山梨県民信組","","",""
"2378","0","都留信組","2378:都留信組","","",""
"2390","0","長野県信組","2390:長野県信組","","",""
"2402","0","富山県医師信組","2402:富山県医師信組","","",""
"2404","0","富山県信組","2404:富山県信組","","",""
"2411","0","金沢中央信組","2411:金沢中央信組","","",""
"2417","0","石川県医師信組","2417:石川県医師信組","","",""
"2430","0","福泉信組","2430:福泉信組","","",""
"2435","0","福井県医師信組","2435:福井県医師信組","","",""
"2440","0","丸八信組","2440:丸八信組","","",""
"2442","0","愛知商銀信組","2442:愛知商銀信組","","",""
"2443","0","愛知県警察信組","2443:愛知県警察信組","","",""
"2444","0","名古屋青果物信組","2444:名古屋青果物信組","","",""
"2446","0","愛知県医療信組","2446:愛知県医療信組","","",""
"2447","0","愛知県医師信組","2447:愛知県医師信組","","",""
"2448","0","豊橋商工信組","2448:豊橋商工信組","","",""
"2451","0","愛知県中央信組","2451:愛知県中央信組","","",""
"2470","0","岐阜商工信組","2470:岐阜商工信組","","",""
"2471","0","イオ信組","2471:イオ信組","","",""
"2473","0","岐阜県医師信組","2473:岐阜県医師信組","","",""
"2476","0","飛騨信組","2476:飛騨信組","","",""
"2481","0","益田信組","2481:益田信組","","",""
"2485","0","三重県職員信組","2485:三重県職員信組","","",""
"2504","0","滋賀県民信組","2504:滋賀県民信組","","",""
"2505","0","滋賀県信組","2505:滋賀県信組","","",""
"2526","0","京滋信組","2526:京滋信組","","",""
"2540","0","大同信組","2540:大同信組","","",""
"2541","0","成協信組","2541:成協信組","","",""
"2543","0","大阪協栄信組","2543:大阪協栄信組","","",""
"2548","0","大阪貯蓄信組","2548:大阪貯蓄信組","","",""
"2549","0","のぞみ信組","2549:のぞみ信組","","",""
"2556","0","中央信組","2556:中央信組","","",""
"2560","0","大阪府医師信組","2560:大阪府医師信組","","",""
"2566","0","大阪府警察信組","2566:大阪府警察信組","","",""
"2567","0","近畿産業信組","2567:近畿産業信組","","",""
"2580","0","朝日新聞信組","2580:朝日新聞信組","","",""
"2581","0","毎日信組","2581:毎日信組","","",""
"2582","0","ミレ信組","2582:ミレ信組","","",""
"2602","0","兵庫県警察信組","2602:兵庫県警察信組","","",""
"2605","0","兵庫県医療信組","2605:兵庫県医療信組","","",""
"2606","0","兵庫県信組","2606:兵庫県信組","","",""
"2610","0","神戸市職員信組","2610:神戸市職員信組","","",""
"2616","0","淡陽信組","2616:淡陽信組","","",""
"2620","0","兵庫ひまわり信組","2620:兵庫ひまわり信組","","",""
"2634","0","和歌山県医師信組","2634:和歌山県医師信組","","",""
"2661","0","島根益田信組","2661:島根益田信組","","",""
"2672","0","朝銀西信組","2672:朝銀西信組","","",""
"2674","0","笠岡信組","2674:笠岡信組","","",""
"2680","0","広島市信組","2680:広島市信組","","",""
"2681","0","広島県信組","2681:広島県信組","","",""
"2684","0","広島商銀信組","2684:広島商銀信組","","",""
"2686","0","呉市職員信組","2686:呉市職員信組","","",""
"2690","0","両備信組","2690:両備信組","","",""
"2696","0","備後信組","2696:備後信組","","",""
"2703","0","山口県信組","2703:山口県信組","","",""
"2721","0","香川県信組","2721:香川県信組","","",""
"2740","0","土佐信組","2740:土佐信組","","",""
"2741","0","宿毛商銀信組","2741:宿毛商銀信組","","",""
"2751","0","福岡県庁信組","2751:福岡県庁信組","","",""
"2753","0","福岡県医師信組","2753:福岡県医師信組","","",""
"2773","0","福岡県信組","2773:福岡県信組","","",""
"2802","0","佐賀県医師信組","2802:佐賀県医師信組","","",""
"2803","0","佐賀東信組","2803:佐賀東信組","","",""
"2808","0","佐賀西信組","2808:佐賀西信組","","",""
"2820","0","長崎三菱信組","2820:長崎三菱信組","","",""
"2821","0","長崎県医師信組","2821:長崎県医師信組","","",""
"2825","0","西海みずき信組","2825:西海みずき信組","","",""
"2833","0","福江信組","2833:福江信組","","",""
"2842","0","熊本県医師信組","2842:熊本県医師信組","","",""
"2845","0","熊本県信組","2845:熊本県信組","","",""
"2870","0","大分県信組","2870:大分県信組","","",""
"2884","0","宮崎県南部信組","2884:宮崎県南部信組","","",""
"2890","0","鹿児島興業信組","2890:鹿児島興業信組","","",""
"2891","0","鹿児島県医師信組","2891:鹿児島県医師信組","","",""
"2895","0","奄美信組","2895:奄美信組","","",""
"2950","0","労働金庫連合会","2950:労働金庫連合会","","",""
"2951","0","北海道労金","2951:北海道労金","","",""
"2954","0","東北労金","2954:東北労金","","",""
"2963","0","中央労金","2963:中央労金","","",""
"2965","0","新潟県労金","2965:新潟県労金","","",""
"2966","0","長野県労金","2966:長野県労金","","",""
"2968","0","静岡県労金","2968:静岡県労金","","",""
"2970","0","北陸労金","2970:北陸労金","","",""
"2972","0","東海労金","2972:東海労金","","",""
"2978","0","近畿労金","2978:近畿労金","","",""
"2984","0","中国労金","2984:中国労金","","",""
"2987","0","四国労金","2987:四国労金","","",""
"2990","0","九州労金","2990:九州労金","","",""
"2997","0","沖縄県労金","2997:沖縄県労金","","",""
"2999","0","労働金庫","2999:労働金庫","","",""
"3000","0","農林中金","3000:農林中金","","",""
"3001","0","北海道信連","3001:北海道信連","","",""
"3003","0","岩手県信連","3003:岩手県信連","","",""
"3008","0","茨城県信連","3008:茨城県信連","","",""
"3011","0","埼玉県信連","3011:埼玉県信連","","",""
"3013","0","東京都信連","3013:東京都信連","","",""
"3014","0","神奈川県信連","3014:神奈川県信連","","",""
"3015","0","山梨県信連","3015:山梨県信連","","",""
"3016","0","長野県信連","3016:長野県信連","","",""
"3017","0","新潟県信連","3017:新潟県信連","","",""
"3019","0","石川県信連","3019:石川県信連","","",""
"3020","0","岐阜県信連","3020:岐阜県信連","","",""
"3021","0","静岡県信連","3021:静岡県信連","","",""
"3022","0","愛知県信連","3022:愛知県信連","","",""
"3023","0","三重県信連","3023:三重県信連","","",""
"3024","0","福井県信連","3024:福井県信連","","",""
"3025","0","滋賀県信連","3025:滋賀県信連","","",""
"3026","0","京都府信連","3026:京都府信連","","",""
"3027","0","大阪府信連","3027:大阪府信連","","",""
"3028","0","兵庫県信連","3028:兵庫県信連","","",""
"3030","0","和歌山県信連","3030:和歌山県信連","","",""
"3031","0","鳥取県信連","3031:鳥取県信連","","",""
"3034","0","広島県信連","3034:広島県信連","","",""
"3035","0","山口県信連","3035:山口県信連","","",""
"3036","0","徳島県信連","3036:徳島県信連","","",""
"3037","0","香川県信連","3037:香川県信連","","",""
"3038","0","愛媛県信連","3038:愛媛県信連","","",""
"3039","0","高知県信連","3039:高知県信連","","",""
"3040","0","福岡県信連","3040:福岡県信連","","",""
"3041","0","佐賀県信連","3041:佐賀県信連","","",""
"3044","0","大分県信連","3044:大分県信連","","",""
"3045","0","宮崎県信連","3045:宮崎県信連","","",""
"3046","0","鹿児島県信連","3046:鹿児島県信連","","",""
"3058","0","今金町農協","3058:今金町農協","","",""
"3066","0","函館市亀田農協","3066:函館市亀田農協","","",""
"3068","0","新函館農協","3068:新函館農協","","",""
"3086","0","ようてい農協","3086:ようてい農協","","",""
"3087","0","きょうわ農協","3087:きょうわ農協","","",""
"3094","0","新おたる農協","3094:新おたる農協","","",""
"3095","0","余市町農協","3095:余市町農協","","",""
"3103","0","とうや湖農協","3103:とうや湖農協","","",""
"3107","0","伊達市農協","3107:伊達市農協","","",""
"3112","0","とまこまい広域農協","3112:とまこまい広域農協","","",""
"3114","0","鵡川農協","3114:鵡川農協","","",""
"3120","0","びらとり農協","3120:びらとり農協","","",""
"3122","0","門別町農協","3122:門別町農協","","",""
"3126","0","みついし農協","3126:みついし農協","","",""
"3133","0","札幌市農協","3133:札幌市農協","","",""
"3139","0","道央農協","3139:道央農協","","",""
"3142","0","石狩市農協","3142:石狩市農協","","",""
"3145","0","北石狩農協","3145:北石狩農協","","",""
"3147","0","新篠津村農協","3147:新篠津村農協","","",""
"3154","0","サツラク農協","3154:サツラク農協","","",""
"3156","0","いわみざわ農協","3156:いわみざわ農協","","",""
"3161","0","南幌町農協","3161:南幌町農協","","",""
"3164","0","美唄市農協","3164:美唄市農協","","",""
"3165","0","峰延農協","3165:峰延農協","","",""
"3168","0","月形町農協","3168:月形町農協","","",""
"3170","0","ながぬま農協","3170:ながぬま農協","","",""
"3172","0","そらち南農協","3172:そらち南農協","","",""
"3173","0","夕張市農協","3173:夕張市農協","","",""
"3175","0","新砂川農協","3175:新砂川農協","","",""
"3177","0","たきかわ農協","3177:たきかわ農協","","",""
"3181","0","ピンネ農協","3181:ピンネ農協","","",""
"3188","0","北いぶき農協","3188:北いぶき農協","","",""
"3189","0","きたそらち農協","3189:きたそらち農協","","",""
"3202","0","るもい農協","3202:るもい農協","","",""
"3208","0","幌延町農協","3208:幌延町農協","","",""
"3210","0","あさひかわ農協","3210:あさひかわ農協","","",""
"3214","0","たいせつ農協","3214:たいせつ農協","","",""
"3219","0","東神楽農協","3219:東神楽農協","","",""
"3220","0","東旭川農協","3220:東旭川農協","","",""
"3223","0","当麻農協","3223:当麻農協","","",""
"3224","0","比布町農協","3224:比布町農協","","",""
"3225","0","上川中央農協","3225:上川中央農協","","",""
"3227","0","東川町農協","3227:東川町農協","","",""
"3228","0","美瑛町農協","3228:美瑛町農協","","",""
"3231","0","ふらの農協","3231:ふらの農協","","",""
"3238","0","北ひびき農協","3238:北ひびき農協","","",""
"3244","0","道北なよろ農協","3244:道北なよろ農協","","",""
"3248","0","北はるか農協","3248:北はるか農協","","",""
"3257","0","北宗谷農協","3257:北宗谷農協","","",""
"3259","0","東宗谷農協","3259:東宗谷農協","","",""
"3261","0","宗谷南農協","3261:宗谷南農協","","",""
"3264","0","帯広市川西農協","3264:帯広市川西農協","","",""
"3265","0","帯広大正農協","3265:帯広大正農協","","",""
"3266","0","中札内村農協","3266:中札内村農協","","",""
"3267","0","更別村農協","3267:更別村農協","","",""
"3268","0","忠類農協","3268:忠類農協","","",""
"3269","0","大樹町農協","3269:大樹町農協","","",""
"3270","0","広尾町農協","3270:広尾町農協","","",""
"3271","0","芽室町農協","3271:芽室町農協","","",""
"3273","0","十勝清水町農協","3273:十勝清水町農協","","",""
"3275","0","新得町農協","3275:新得町農協","","",""
"3276","0","鹿追町農協","3276:鹿追町農協","","",""
"3277","0","木野農協","3277:木野農協","","",""
"3278","0","音更町農協","3278:音更町農協","","",""
"3279","0","士幌町農協","3279:士幌町農協","","",""
"3280","0","上士幌町農協","3280:上士幌町農協","","",""
"3281","0","札内農協","3281:札内農協","","",""
"3282","0","幕別町農協","3282:幕別町農協","","",""
"3283","0","十勝池田町農協","3283:十勝池田町農協","","",""
"3286","0","豊頃町農協","3286:豊頃町農協","","",""
"3287","0","浦幌町農協","3287:浦幌町農協","","",""
"3288","0","本別町農協","3288:本別町農協","","",""
"3289","0","足寄町農協","3289:足寄町農協","","",""
"3290","0","陸別町農協","3290:陸別町農協","","",""
"3297","0","北オホーツク農協","3297:北オホーツク農協","","",""
"3301","0","オホーツクはまなす農協","3301:オホーツクはまなす農協","","",""
"3303","0","佐呂間町農協","3303:佐呂間町農協","","",""
"3305","0","湧別町農協","3305:湧別町農協","","",""
"3306","0","えんゆう農協","3306:えんゆう農協","","",""
"3317","0","きたみらい農協","3317:きたみらい農協","","",""
"3319","0","津別町農協","3319:津別町農協","","",""
"3320","0","美幌町農協","3320:美幌町農協","","",""
"3321","0","女満別町農協","3321:女満別町農協","","",""
"3322","0","常呂町農協","3322:常呂町農協","","",""
"3326","0","オホーツク網走農協","3326:オホーツク網走農協","","",""
"3328","0","小清水町農協","3328:小清水町農協","","",""
"3329","0","しれとこ斜里農協","3329:しれとこ斜里農協","","",""
"3330","0","清里町農協","3330:清里町農協","","",""
"3334","0","釧路太田農協","3334:釧路太田農協","","",""
"3335","0","浜中町農協","3335:浜中町農協","","",""
"3336","0","標茶町農協","3336:標茶町農協","","",""
"3337","0","摩周湖農協","3337:摩周湖農協","","",""
"3338","0","阿寒農協","3338:阿寒農協","","",""
"3339","0","釧路丹頂農協","3339:釧路丹頂農協","","",""
"3348","0","標津町農協","3348:標津町農協","","",""
"3349","0","中標津町農協","3349:中標津町農協","","",""
"3350","0","計根別農協","3350:計根別農協","","",""
"3354","0","道東あさひ農協","3354:道東あさひ農協","","",""
"3358","0","中春別農協","3358:中春別農協","","",""
"3373","0","青森農協","3373:青森農協","","",""
"3387","0","つがる弘前農協","3387:つがる弘前農協","","",""
"3390","0","相馬村農協","3390:相馬村農協","","",""
"3407","0","津軽みらい農協","3407:津軽みらい農協","","",""
"3421","0","つがるにしきた農協","3421:つがるにしきた農協","","",""
"3442","0","ごしょつがる農協","3442:ごしょつがる農協","","",""
"3455","0","十和田おいらせ農協","3455:十和田おいらせ農協","","",""
"3469","0","ゆうき青森農協","3469:ゆうき青森農協","","",""
"3474","0","おいらせ農協","3474:おいらせ農協","","",""
"3488","0","八戸農協","3488:八戸農協","","",""
"3517","0","新岩手農協","3517:新岩手農協","","",""
"3541","0","岩手中央農協","3541:岩手中央農協","","",""
"3553","0","花巻農協","3553:花巻農協","","",""
"3572","0","岩手ふるさと農協","3572:岩手ふるさと農協","","",""
"3579","0","岩手江刺農協","3579:岩手江刺農協","","",""
"3590","0","いわて平泉農協","3590:いわて平泉農協","","",""
"3598","0","大船渡市農協","3598:大船渡市農協","","",""
"3636","0","仙台農協","3636:仙台農協","","",""
"3647","0","岩沼市農協","3647:岩沼市農協","","",""
"3652","0","名取岩沼農協","3652:名取岩沼農協","","",""
"3653","0","みやぎ亘理農協","3653:みやぎ亘理農協","","",""
"3665","0","みやぎ登米農協","3665:みやぎ登米農協","","",""
"3704","0","古川農協","3704:古川農協","","",""
"3710","0","加美よつば農協","3710:加美よつば農協","","",""
"3721","0","新みやぎ農協","3721:新みやぎ農協","","",""
"3731","0","いしのまき農協","3731:いしのまき農協","","",""
"3751","0","みやぎ仙南農協","3751:みやぎ仙南農協","","",""
"3762","0","かづの農協","3762:かづの農協","","",""
"3764","0","あきた北農協","3764:あきた北農協","","",""
"3771","0","秋田たかのす農協","3771:秋田たかのす農協","","",""
"3784","0","あきた白神農協","3784:あきた白神農協","","",""
"3795","0","秋田やまもと農協","3795:秋田やまもと農協","","",""
"3798","0","あきた湖東農協","3798:あきた湖東農協","","",""
"3810","0","秋田なまはげ農協","3810:秋田なまはげ農協","","",""
"3825","0","秋田しんせい農協","3825:秋田しんせい農協","","",""
"3855","0","秋田おばこ農協","3855:秋田おばこ農協","","",""
"3878","0","秋田ふるさと農協","3878:秋田ふるさと農協","","",""
"3913","0","こまち農協","3913:こまち農協","","",""
"3917","0","うご農協","3917:うご農協","","",""
"3929","0","大潟村農協","3929:大潟村農協","","",""
"3931","0","山形市農協","3931:山形市農協","","",""
"3932","0","山形農協","3932:山形農協","","",""
"3938","0","天童市農協","3938:天童市農協","","",""
"3943","0","さがえ西村山農協","3943:さがえ西村山農協","","",""
"3960","0","みちのく村山農協","3960:みちのく村山農協","","",""
"3962","0","東根市農協","3962:東根市農協","","",""
"3971","0","新庄市農協","3971:新庄市農協","","",""
"3973","0","もがみ中央農協","3973:もがみ中央農協","","",""
"3987","0","金山農協","3987:金山農協","","",""
"3989","0","山形おきたま農協","3989:山形おきたま農協","","",""
"4000","0","鶴岡市農協","4000:鶴岡市農協","","",""
"4013","0","庄内たがわ農協","4013:庄内たがわ農協","","",""
"4022","0","余目町農協","4022:余目町農協","","",""
"4027","0","庄内みどり農協","4027:庄内みどり農協","","",""
"4036","0","酒田市袖浦農協","4036:酒田市袖浦農協","","",""
"4047","0","ふくしま未来農協","4047:ふくしま未来農協","","",""
"4091","0","夢みなみ農協","4091:夢みなみ農協","","",""
"4132","0","東西しらかわ農協","4132:東西しらかわ農協","","",""
"4160","0","会津よつば農協","4160:会津よつば農協","","",""
"4196","0","福島さくら農協","4196:福島さくら農協","","",""
"4238","0","水戸農協","4238:水戸農協","","",""
"4263","0","常陸農協","4263:常陸農協","","",""
"4294","0","日立市多賀農協","4294:日立市多賀農協","","",""
"4295","0","茨城旭村農協","4295:茨城旭村農協","","",""
"4296","0","ほこた農協","4296:ほこた農協","","",""
"4301","0","なめがたしおさい農協","4301:なめがたしおさい農協","","",""
"4322","0","稲敷農協","4322:稲敷農協","","",""
"4344","0","水郷つくば農協","4344:水郷つくば農協","","",""
"4363","0","つくば市農協","4363:つくば市農協","","",""
"4371","0","つくば市谷田部農協","4371:つくば市谷田部農協","","",""
"4378","0","茨城みなみ農協","4378:茨城みなみ農協","","",""
"4387","0","やさと農協","4387:やさと農協","","",""
"4394","0","新ひたち野農協","4394:新ひたち野農協","","",""
"4397","0","北つくば農協","4397:北つくば農協","","",""
"4413","0","常総ひかり農協","4413:常総ひかり農協","","",""
"4422","0","茨城むつみ農協","4422:茨城むつみ農協","","",""
"4425","0","岩井農協","4425:岩井農協","","",""
"4445","0","宇都宮農協","4445:宇都宮農協","","",""
"4456","0","上都賀農協","4456:上都賀農協","","",""
"4463","0","はが野農協","4463:はが野農協","","",""
"4478","0","下野農協","4478:下野農協","","",""
"4490","0","小山農協","4490:小山農協","","",""
"4497","0","塩野谷農協","4497:塩野谷農協","","",""
"4507","0","那須野農協","4507:那須野農協","","",""
"4518","0","那須南農協","4518:那須南農協","","",""
"4523","0","佐野農協","4523:佐野農協","","",""
"4533","0","足利市農協","4533:足利市農協","","",""
"4540","0","赤城橘農協","4540:赤城橘農協","","",""
"4544","0","前橋市農協","4544:前橋市農協","","",""
"4563","0","高崎市農協","4563:高崎市農協","","",""
"4567","0","はぐくみ農協","4567:はぐくみ農協","","",""
"4593","0","北群渋川農協","4593:北群渋川農協","","",""
"4594","0","多野藤岡農協","4594:多野藤岡農協","","",""
"4608","0","甘楽富岡農協","4608:甘楽富岡農協","","",""
"4613","0","碓氷安中農協","4613:碓氷安中農協","","",""
"4626","0","あがつま農協","4626:あがつま農協","","",""
"4628","0","嬬恋村農協","4628:嬬恋村農協","","",""
"4632","0","利根沼田農協","4632:利根沼田農協","","",""
"4652","0","佐波伊勢崎農協","4652:佐波伊勢崎農協","","",""
"4664","0","新田みどり農協","4664:新田みどり農協","","",""
"4665","0","太田市農協","4665:太田市農協","","",""
"4677","0","邑楽館林農協","4677:邑楽館林農協","","",""
"4682","0","さいたま農協","4682:さいたま農協","","",""
"4730","0","あさか野農協","4730:あさか野農協","","",""
"4735","0","いるま野農協","4735:いるま野農協","","",""
"4780","0","埼玉中央農協","4780:埼玉中央農協","","",""
"4792","0","ちちぶ農協","4792:ちちぶ農協","","",""
"4802","0","埼玉ひびきの農協","4802:埼玉ひびきの農協","","",""
"4808","0","くまがや農協","4808:くまがや農協","","",""
"4820","0","埼玉岡部農協","4820:埼玉岡部農協","","",""
"4823","0","花園農協","4823:花園農協","","",""
"4828","0","ほくさい農協","4828:ほくさい農協","","",""
"4847","0","越谷市農協","4847:越谷市農協","","",""
"4848","0","南彩農協","4848:南彩農協","","",""
"4859","0","埼玉みずほ農協","4859:埼玉みずほ農協","","",""
"4864","0","さいかつ農協","4864:さいかつ農協","","",""
"4874","0","ふかや農協","4874:ふかや農協","","",""
"4876","0","安房農協","4876:安房農協","","",""
"4893","0","いすみ農協","4893:いすみ農協","","",""
"4902","0","木更津市農協","4902:木更津市農協","","",""
"4909","0","君津市農協","4909:君津市農協","","",""
"4916","0","長生農協","4916:長生農協","","",""
"4929","0","山武郡市農協","4929:山武郡市農協","","",""
"4949","0","市原市農協","4949:市原市農協","","",""
"4954","0","千葉みらい農協","4954:千葉みらい農協","","",""
"4955","0","八千代市農協","4955:八千代市農協","","",""
"4959","0","市川市農協","4959:市川市農協","","",""
"4965","0","とうかつ中央農協","4965:とうかつ中央農協","","",""
"4975","0","ちば東葛農協","4975:ちば東葛農協","","",""
"4992","0","成田市農協","4992:成田市農協","","",""
"4993","0","富里市農協","4993:富里市農協","","",""
"4996","0","西印旛農協","4996:西印旛農協","","",""
"5000","0","かとり農協","5000:かとり農協","","",""
"5016","0","ちばみどり農協","5016:ちばみどり農協","","",""
"5030","0","西東京農協","5030:西東京農協","","",""
"5037","0","西多摩農協","5037:西多摩農協","","",""
"5039","0","秋川農協","5039:秋川農協","","",""
"5050","0","八王子市農協","5050:八王子市農協","","",""
"5055","0","東京南農協","5055:東京南農協","","",""
"5060","0","町田市農協","5060:町田市農協","","",""
"5070","0","マインズ農協","5070:マインズ農協","","",""
"5072","0","東京みどり農協","5072:東京みどり農協","","",""
"5077","0","東京みらい農協","5077:東京みらい農協","","",""
"5087","0","東京むさし農協","5087:東京むさし農協","","",""
"5094","0","東京中央農協","5094:東京中央農協","","",""
"5095","0","世田谷目黒農協","5095:世田谷目黒農協","","",""
"5097","0","東京あおば農協","5097:東京あおば農協","","",""
"5100","0","東京スマイル農協","5100:東京スマイル農協","","",""
"5114","0","横浜農協","5114:横浜農協","","",""
"5123","0","セレサ川崎農協","5123:セレサ川崎農協","","",""
"5128","0","よこすか葉山農協","5128:よこすか葉山農協","","",""
"5130","0","三浦市農協","5130:三浦市農協","","",""
"5131","0","さがみ農協","5131:さがみ農協","","",""
"5137","0","湘南農協","5137:湘南農協","","",""
"5140","0","秦野市農協","5140:秦野市農協","","",""
"5147","0","かながわ西湘農協","5147:かながわ西湘農協","","",""
"5152","0","厚木市農協","5152:厚木市農協","","",""
"5153","0","県央愛川農協","5153:県央愛川農協","","",""
"5159","0","相模原市農協","5159:相模原市農協","","",""
"5162","0","神奈川つくい農協","5162:神奈川つくい農協","","",""
"5169","0","フルーツ山梨農協","5169:フルーツ山梨農協","","",""
"5199","0","笛吹農協","5199:笛吹農協","","",""
"5207","0","山梨みらい農協","5207:山梨みらい農協","","",""
"5243","0","南アルプス市農協","5243:南アルプス市農協","","",""
"5260","0","梨北農協","5260:梨北農協","","",""
"5272","0","クレイン農協","5272:クレイン農協","","",""
"5284","0","北富士農協","5284:北富士農協","","",""
"5287","0","鳴沢村農協","5287:鳴沢村農協","","",""
"5311","0","長野八ヶ岳農協","5311:長野八ヶ岳農協","","",""
"5335","0","佐久浅間農協","5335:佐久浅間農協","","",""
"5348","0","信州うえだ農協","5348:信州うえだ農協","","",""
"5372","0","信州諏訪農協","5372:信州諏訪農協","","",""
"5384","0","上伊那農協","5384:上伊那農協","","",""
"5405","0","みなみ信州農協","5405:みなみ信州農協","","",""
"5441","0","木曽農協","5441:木曽農協","","",""
"5448","0","松本ハイランド農協","5448:松本ハイランド農協","","",""
"5462","0","洗馬農協","5462:洗馬農協","","",""
"5466","0","あづみ農協","5466:あづみ農協","","",""
"5470","0","大北農協","5470:大北農協","","",""
"5477","0","グリーン長野農協","5477:グリーン長野農協","","",""
"5491","0","中野市農協","5491:中野市農協","","",""
"5499","0","ながの農協","5499:ながの農協","","",""
"5554","0","北越後農協","5554:北越後農協","","",""
"5568","0","胎内市農協","5568:胎内市農協","","",""
"5600","0","新潟かがやき農協","5600:新潟かがやき農協","","",""
"5666","0","えちご中越農協","5666:えちご中越農協","","",""
"5690","0","越後おぢや農協","5690:越後おぢや農協","","",""
"5693","0","北魚沼農協","5693:北魚沼農協","","",""
"5707","0","みなみ魚沼農協","5707:みなみ魚沼農協","","",""
"5714","0","十日町農協","5714:十日町農協","","",""
"5719","0","津南町農協","5719:津南町農協","","",""
"5768","0","えちご上越農協","5768:えちご上越農協","","",""
"5797","0","ひすい農協","5797:ひすい農協","","",""
"5815","0","かみはやし農協","5815:かみはやし農協","","",""
"5823","0","にいがた岩船農協","5823:にいがた岩船農協","","",""
"5832","0","佐渡農協","5832:佐渡農協","","",""
"5847","0","羽茂農協","5847:羽茂農協","","",""
"5864","0","新潟市農協","5864:新潟市農協","","",""
"5877","0","みな穂農協","5877:みな穂農協","","",""
"5883","0","黒部市農協","5883:黒部市農協","","",""
"5885","0","魚津市農協","5885:魚津市農協","","",""
"5888","0","アルプス農協","5888:アルプス農協","","",""
"5895","0","あおば農協","5895:あおば農協","","",""
"5897","0","富山市農協","5897:富山市農協","","",""
"5898","0","なのはな農協","5898:なのはな農協","","",""
"5911","0","いみず野農協","5911:いみず野農協","","",""
"5916","0","高岡市農協","5916:高岡市農協","","",""
"5920","0","氷見市農協","5920:氷見市農協","","",""
"5921","0","となみ野農協","5921:となみ野農協","","",""
"5927","0","なんと農協","5927:なんと農協","","",""
"5932","0","いなば農協","5932:いなば農協","","",""
"5935","0","福光農協","5935:福光農協","","",""
"5943","0","加賀農協","5943:加賀農協","","",""
"5962","0","小松市農協","5962:小松市農協","","",""
"5980","0","根上農協","5980:根上農協","","",""
"5982","0","能美農協","5982:能美農協","","",""
"5997","0","松任市農協","5997:松任市農協","","",""
"6010","0","野々市農協","6010:野々市農協","","",""
"6012","0","白山農協","6012:白山農協","","",""
"6024","0","金沢中央農協","6024:金沢中央農協","","",""
"6025","0","金沢市農協","6025:金沢市農協","","",""
"6062","0","石川かほく農協","6062:石川かほく農協","","",""
"6076","0","はくい農協","6076:はくい農協","","",""
"6084","0","志賀農協","6084:志賀農協","","",""
"6094","0","能登わかば農協","6094:能登わかば農協","","",""
"6113","0","おおぞら農協","6113:おおぞら農協","","",""
"6121","0","内浦町農協","6121:内浦町農協","","",""
"6122","0","珠洲市農協","6122:珠洲市農協","","",""
"6129","0","ぎふ農協","6129:ぎふ農協","","",""
"6175","0","西美濃農協","6175:西美濃農協","","",""
"6198","0","いび川農協","6198:いび川農協","","",""
"6242","0","めぐみの農協","6242:めぐみの農協","","",""
"6265","0","陶都信用農協","6265:陶都信用農協","","",""
"6287","0","東美濃農協","6287:東美濃農協","","",""
"6313","0","飛騨農協","6313:飛騨農協","","",""
"6345","0","富士伊豆農協","6345:富士伊豆農協","","",""
"6363","0","清水農協","6363:清水農協","","",""
"6373","0","静岡市農協","6373:静岡市農協","","",""
"6377","0","大井川農協","6377:大井川農協","","",""
"6382","0","ハイナン農協","6382:ハイナン農協","","",""
"6386","0","掛川市農協","6386:掛川市農協","","",""
"6387","0","遠州夢咲農協","6387:遠州夢咲農協","","",""
"6391","0","遠州中央農協","6391:遠州中央農協","","",""
"6403","0","とぴあ浜松農協","6403:とぴあ浜松農協","","",""
"6423","0","三ヶ日町農協","6423:三ヶ日町農協","","",""
"6430","0","なごや農協","6430:なごや農協","","",""
"6436","0","天白信用農協","6436:天白信用農協","","",""
"6443","0","緑信用農協","6443:緑信用農協","","",""
"6451","0","尾張中央農協","6451:尾張中央農協","","",""
"6456","0","西春日井農協","6456:西春日井農協","","",""
"6466","0","あいち尾東農協","6466:あいち尾東農協","","",""
"6470","0","愛知北農協","6470:愛知北農協","","",""
"6483","0","愛知西農協","6483:愛知西農協","","",""
"6503","0","海部東農協","6503:海部東農協","","",""
"6514","0","あいち海部農協","6514:あいち海部農協","","",""
"6531","0","あいち知多農協","6531:あいち知多農協","","",""
"6552","0","あいち中央農協","6552:あいち中央農協","","",""
"6560","0","西三河農協","6560:西三河農協","","",""
"6572","0","あいち三河農協","6572:あいち三河農協","","",""
"6582","0","あいち豊田農協","6582:あいち豊田農協","","",""
"6591","0","愛知東農協","6591:愛知東農協","","",""
"6606","0","蒲郡市農協","6606:蒲郡市農協","","",""
"6612","0","ひまわり農協","6612:ひまわり農協","","",""
"6615","0","愛知みなみ農協","6615:愛知みなみ農協","","",""
"6618","0","豊橋農協","6618:豊橋農協","","",""
"6649","0","三重北農協","6649:三重北農協","","",""
"6665","0","鈴鹿農協","6665:鈴鹿農協","","",""
"6673","0","津安芸農協","6673:津安芸農協","","",""
"6677","0","みえなか農協","6677:みえなか農協","","",""
"6697","0","多気郡農協","6697:多気郡農協","","",""
"6731","0","伊勢農協","6731:伊勢農協","","",""
"6758","0","伊賀ふるさと農協","6758:伊賀ふるさと農協","","",""
"6785","0","福井県農協","6785:福井県農協","","",""
"6853","0","越前たけふ農協","6853:越前たけふ農協","","",""
"6874","0","レーク滋賀農協","6874:レーク滋賀農協","","",""
"6889","0","甲賀農協","6889:甲賀農協","","",""
"6897","0","グリーン近江農協","6897:グリーン近江農協","","",""
"6900","0","滋賀蒲生町農協","6900:滋賀蒲生町農協","","",""
"6909","0","東能登川農協","6909:東能登川農協","","",""
"6911","0","湖東農協","6911:湖東農協","","",""
"6912","0","東びわこ農協","6912:東びわこ農協","","",""
"6919","0","レーク伊吹農協","6919:レーク伊吹農協","","",""
"6924","0","北びわこ農協","6924:北びわこ農協","","",""
"6941","0","京都市農協","6941:京都市農協","","",""
"6956","0","京都中央農協","6956:京都中央農協","","",""
"6961","0","京都やましろ農協","6961:京都やましろ農協","","",""
"6990","0","京都農協","6990:京都農協","","",""
"6996","0","京都丹の国農協","6996:京都丹の国農協","","",""
"7025","0","北大阪農協","7025:北大阪農協","","",""
"7029","0","高槻市農協","7029:高槻市農協","","",""
"7032","0","茨木市農協","7032:茨木市農協","","",""
"7041","0","大阪北部農協","7041:大阪北部農協","","",""
"7087","0","大阪泉州農協","7087:大阪泉州農協","","",""
"7092","0","いずみの農協","7092:いずみの農協","","",""
"7111","0","堺市農協","7111:堺市農協","","",""
"7139","0","大阪南農協","7139:大阪南農協","","",""
"7156","0","グリーン大阪農協","7156:グリーン大阪農協","","",""
"7164","0","大阪中河内農協","7164:大阪中河内農協","","",""
"7184","0","大阪東部農協","7184:大阪東部農協","","",""
"7191","0","九個荘農協","7191:九個荘農協","","",""
"7193","0","北河内農協","7193:北河内農協","","",""
"7200","0","大阪市農協","7200:大阪市農協","","",""
"7213","0","兵庫六甲農協","7213:兵庫六甲農協","","",""
"7239","0","あかし農協","7239:あかし農協","","",""
"7240","0","兵庫南農協","7240:兵庫南農協","","",""
"7249","0","みのり農協","7249:みのり農協","","",""
"7264","0","兵庫みらい農協","7264:兵庫みらい農協","","",""
"7274","0","加古川市南農協","7274:加古川市南農協","","",""
"7288","0","兵庫西農協","7288:兵庫西農協","","",""
"7316","0","相生市農協","7316:相生市農協","","",""
"7326","0","ハリマ農協","7326:ハリマ農協","","",""
"7338","0","たじま農協","7338:たじま農協","","",""
"7353","0","丹波ひかみ農協","7353:丹波ひかみ農協","","",""
"7362","0","丹波ささやま農協","7362:丹波ささやま農協","","",""
"7363","0","淡路日の出農協","7363:淡路日の出農協","","",""
"7373","0","あわじ島農協","7373:あわじ島農協","","",""
"7387","0","奈良県農協","7387:奈良県農協","","",""
"7532","0","わかやま農協","7532:わかやま農協","","",""
"7541","0","ながみね農協","7541:ながみね農協","","",""
"7543","0","紀の里農協","7543:紀の里農協","","",""
"7550","0","紀北川上農協","7550:紀北川上農協","","",""
"7559","0","ありだ農協","7559:ありだ農協","","",""
"7565","0","紀州農協","7565:紀州農協","","",""
"7576","0","紀南農協","7576:紀南農協","","",""
"7591","0","みくまの農協","7591:みくまの農協","","",""
"7601","0","鳥取いなば農協","7601:鳥取いなば農協","","",""
"7625","0","鳥取中央農協","7625:鳥取中央農協","","",""
"7641","0","鳥取西部農協","7641:鳥取西部農協","","",""
"7708","0","島根県農協","7708:島根県農協","","",""
"7755","0","岡山市農協","7755:岡山市農協","","",""
"7837","0","晴れの国岡山農協","7837:晴れの国岡山農協","","",""
"7909","0","広島市農協","7909:広島市農協","","",""
"7994","0","ひろしま農協","7994:ひろしま農協","","",""
"8019","0","広島ゆたか農協","8019:広島ゆたか農協","","",""
"8029","0","尾道市農協","8029:尾道市農協","","",""
"8047","0","福山市農協","8047:福山市農協","","",""
"8134","0","山口県農協","8134:山口県農協","","",""
"8231","0","徳島市農協","8231:徳島市農協","","",""
"8234","0","東とくしま農協","8234:東とくしま農協","","",""
"8242","0","名西郡農協","8242:名西郡農協","","",""
"8252","0","板野郡農協","8252:板野郡農協","","",""
"8257","0","徳島北農協","8257:徳島北農協","","",""
"8261","0","大津松茂農協","8261:大津松茂農協","","",""
"8263","0","里浦農協","8263:里浦農協","","",""
"8268","0","阿南農協","8268:阿南農協","","",""
"8288","0","かいふ農協","8288:かいふ農協","","",""
"8296","0","阿波市農協","8296:阿波市農協","","",""
"8305","0","麻植郡農協","8305:麻植郡農協","","",""
"8312","0","美馬農協","8312:美馬農協","","",""
"8323","0","阿波みよし農協","8323:阿波みよし農協","","",""
"8332","0","香川県農協","8332:香川県農協","","",""
"8389","0","うま農協","8389:うま農協","","",""
"8397","0","えひめ未来農協","8397:えひめ未来農協","","",""
"8398","0","周桑農協","8398:周桑農協","","",""
"8400","0","越智今治農協","8400:越智今治農協","","",""
"8401","0","今治立花農協","8401:今治立花農協","","",""
"8425","0","松山市農協","8425:松山市農協","","",""
"8457","0","愛媛たいき農協","8457:愛媛たいき農協","","",""
"8463","0","西宇和農協","8463:西宇和農協","","",""
"8477","0","東宇和農協","8477:東宇和農協","","",""
"8482","0","えひめ南農協","8482:えひめ南農協","","",""
"8500","0","えひめ中央農協","8500:えひめ中央農協","","",""
"8551","0","高知市農協","8551:高知市農協","","",""
"8582","0","高知県農協","8582:高知県農協","","",""
"8589","0","土佐くろしお農協","8589:土佐くろしお農協","","",""
"8621","0","宗像農協","8621:宗像農協","","",""
"8626","0","粕屋農協","8626:粕屋農協","","",""
"8632","0","福岡市東部農協","8632:福岡市東部農協","","",""
"8633","0","福岡市農協","8633:福岡市農協","","",""
"8635","0","糸島農協","8635:糸島農協","","",""
"8636","0","筑紫農協","8636:筑紫農協","","",""
"8645","0","筑前あさくら農協","8645:筑前あさくら農協","","",""
"8653","0","にじ農協","8653:にじ農協","","",""
"8656","0","みい農協","8656:みい農協","","",""
"8660","0","久留米市農協","8660:久留米市農協","","",""
"8664","0","三潴町農協","8664:三潴町農協","","",""
"8667","0","福岡大城農協","8667:福岡大城農協","","",""
"8668","0","福岡八女農協","8668:福岡八女農協","","",""
"8680","0","柳川農協","8680:柳川農協","","",""
"8689","0","南筑後農協","8689:南筑後農協","","",""
"8692","0","北九州農協","8692:北九州農協","","",""
"8694","0","直鞍農協","8694:直鞍農協","","",""
"8701","0","福岡嘉穂農協","8701:福岡嘉穂農協","","",""
"8715","0","田川農協","8715:田川農協","","",""
"8730","0","福岡京築農協","8730:福岡京築農協","","",""
"8740","0","佐賀市中央農協","8740:佐賀市中央農協","","",""
"8762","0","佐賀県農協","8762:佐賀県農協","","",""
"8766","0","唐津農協","8766:唐津農協","","",""
"8771","0","伊万里市農協","8771:伊万里市農協","","",""
"8794","0","長崎西彼農協","8794:長崎西彼農協","","",""
"8813","0","長崎県央農協","8813:長崎県央農協","","",""
"8829","0","島原雲仙農協","8829:島原雲仙農協","","",""
"8857","0","ながさき西海農協","8857:ながさき西海農協","","",""
"8893","0","ごとう農協","8893:ごとう農協","","",""
"8905","0","壱岐市農協","8905:壱岐市農協","","",""
"8906","0","対馬農協","8906:対馬農協","","",""
"8916","0","熊本市農協","8916:熊本市農協","","",""
"8926","0","玉名農協","8926:玉名農協","","",""
"8941","0","鹿本農協","8941:鹿本農協","","",""
"8949","0","菊池地域農協","8949:菊池地域農協","","",""
"8964","0","阿蘇農協","8964:阿蘇農協","","",""
"8982","0","上益城農協","8982:上益城農協","","",""
"9010","0","熊本宇城農協","9010:熊本宇城農協","","",""
"9017","0","八代地域農協","9017:八代地域農協","","",""
"9043","0","あしきた農協","9043:あしきた農協","","",""
"9048","0","球磨地域農協","9048:球磨地域農協","","",""
"9069","0","本渡五和農協","9069:本渡五和農協","","",""
"9070","0","あまくさ農協","9070:あまくさ農協","","",""
"9072","0","苓北町農協","9072:苓北町農協","","",""
"9103","0","べっぷ日出農協","9103:べっぷ日出農協","","",""
"9104","0","大分県農協","9104:大分県農協","","",""
"9145","0","大分大山町農協","9145:大分大山町農協","","",""
"9169","0","宮崎中央農協","9169:宮崎中央農協","","",""
"9177","0","綾町農協","9177:綾町農協","","",""
"9178","0","はまゆう農協","9178:はまゆう農協","","",""
"9181","0","串間市大束農協","9181:串間市大束農協","","",""
"9184","0","都城農協","9184:都城農協","","",""
"9193","0","こばやし農協","9193:こばやし農協","","",""
"9197","0","えびの市農協","9197:えびの市農協","","",""
"9200","0","児湯農協","9200:児湯農協","","",""
"9203","0","尾鈴農協","9203:尾鈴農協","","",""
"9205","0","西都農協","9205:西都農協","","",""
"9208","0","延岡農協","9208:延岡農協","","",""
"9213","0","日向農協","9213:日向農協","","",""
"9221","0","高千穂地区農協","9221:高千穂地区農協","","",""
"9229","0","鹿児島みらい農協","9229:鹿児島みらい農協","","",""
"9251","0","いぶすき農協","9251:いぶすき農協","","",""
"9257","0","南さつま農協","9257:南さつま農協","","",""
"9270","0","さつま日置農協","9270:さつま日置農協","","",""
"9296","0","北さつま農協","9296:北さつま農協","","",""
"9302","0","鹿児島いずみ農協","9302:鹿児島いずみ農協","","",""
"9319","0","あいら農協","9319:あいら農協","","",""
"9332","0","そお鹿児島農協","9332:そお鹿児島農協","","",""
"9338","0","あおぞら農協","9338:あおぞら農協","","",""
"9341","0","鹿児島きもつき農協","9341:鹿児島きもつき農協","","",""
"9347","0","肝付吾平町農協","9347:肝付吾平町農協","","",""
"9353","0","種子屋久農協","9353:種子屋久農協","","",""
"9363","0","あまみ農協","9363:あまみ農協","","",""
"9375","0","沖縄県農協","9375:沖縄県農協","","",""
"9450","0","北海道信漁連","9450:北海道信漁連","","",""
"9453","0","宮城県漁協","9453:宮城県漁協","","",""
"9454","0","秋田県漁協","9454:秋田県漁協","","",""
"9455","0","山形県漁協","9455:山形県漁協","","",""
"9456","0","福島県信漁連","9456:福島県信漁連","","",""
"9458","0","栃木県漁協","9458:栃木県漁協","","",""
"9459","0","群馬県漁協","9459:群馬県漁協","","",""
"9460","0","埼玉県漁協","9460:埼玉県漁協","","",""
"9461","0","東日本信漁連","9461:東日本信漁連","","",""
"9464","0","山梨県漁協","9464:山梨県漁協","","",""
"9465","0","長野県漁協","9465:長野県漁協","","",""
"9469","0","岐阜県漁協","9469:岐阜県漁協","","",""
"9474","0","滋賀県漁協","9474:滋賀県漁協","","",""
"9475","0","京都府信漁連","9475:京都府信漁連","","",""
"9476","0","大阪府漁協","9476:大阪府漁協","","",""
"9477","0","なぎさ信漁連","9477:なぎさ信漁連","","",""
"9478","0","奈良県漁協","9478:奈良県漁協","","",""
"9481","0","ＪＦしまね漁協","9481:ＪＦしまね漁協","","",""
"9482","0","岡山県漁協","9482:岡山県漁協","","",""
"9483","0","広島県信漁連","9483:広島県信漁連","","",""
"9484","0","山口県漁協","9484:山口県漁協","","",""
"9485","0","徳島県信漁連","9485:徳島県信漁連","","",""
"9486","0","西日本信漁連","9486:西日本信漁連","","",""
"9487","0","愛媛県信漁連","9487:愛媛県信漁連","","",""
"9489","0","九州信漁連","9489:九州信漁連","","",""
"9492","0","熊本県漁協","9492:熊本県漁協","","",""
"9493","0","大分県漁協","9493:大分県漁協","","",""
"9820","0","日本生命保険","9820:日本生命保険","","",""
"9821","0","アクサ生命保険","9821:アクサ生命保険","","",""
"9823","0","ニッセイ・ウエルネス生命保険","9823:ニッセイ・ウエルネス生命保険","","",""
"9825","0","Ｔ＆Ｄファイナンシャル生命保険","9825:Ｔ＆Ｄファイナンシャル生命保険","","",""
"9827","0","太陽生命保険","9827:太陽生命保険","","",""
"9829","0","第一生命保険","9829:第一生命保険","","",""
"9830","0","大同生命保険","9830:大同生命保険","","",""
"9834","0","富国生命保険","9834:富国生命保険","","",""
"9835","0","朝日生命保険","9835:朝日生命保険","","",""
"9837","0","明治安田生命保険","9837:明治安田生命保険","","",""
"9838","0","大樹生命保険","9838:大樹生命保険","","",""
"9839","0","住友生命保険","9839:住友生命保険","","",""
"9846","0","プルデンシャル生命保険","9846:プルデンシャル生命保険","","",""
"9851","0","楽天損害保険","9851:楽天損害保険","","",""
"9852","0","共栄火災海上保険","9852:共栄火災海上保険","","",""
"9855","0","三井住友海上火災保険","9855:三井住友海上火災保険","","",""
"9859","0","あいおいニッセイ同和損害保険","9859:あいおいニッセイ同和損害保険","","",""
"9861","0","トーア再保険","9861:トーア再保険","","",""
"9862","0","東京海上日動火災保険","9862:東京海上日動火災保険","","",""
"9863","0","セコム損害保険","9863:セコム損害保険","","",""
"9867","0","日新火災海上保険","9867:日新火災海上保険","","",""
"9869","0","日本地震再保険","9869:日本地震再保険","","",""
"9871","0","損害保険ジャパン","9871:損害保険ジャパン","","",""
"9872","0","大同火災海上保険","9872:大同火災海上保険","","",""
"9883","0","明治安田損害保険","9883:明治安田損害保険","","",""
"9900","0","ゆうちょ銀行","9900:ゆうちょ銀行","","",""
"9930","0","日本政策投資銀行","9930:日本政策投資銀行","","",""
"9932","0","日本政策金融公庫","9932:日本政策金融公庫","","",""
"9933","0","国際協力銀行","9933:国際協力銀行","","",""
"9936","0","住宅金融支援機構","9936:住宅金融支援機構","","",""
"9940","0","地方公共団体金融機構","9940:地方公共団体金融機構","","",""
"9942","0","福祉医療機構","9942:福祉医療機構","","",""
"9944","0","沖縄振興開発金融公庫","9944:沖縄振興開発金融公庫","","",""
"9999","0","その他","9999:その他","","",""
