"correction_financial_institution_id","fluctuation_string","correction_string","insertdatetime","updatedatetime","updateuser"
"1","ＪＡあいち三河.*","あいち三河農協","","",""
"2","ＪＡあいち中央.*","あいち中央農協","","",""
"3","ＪＡあいち尾東.*","あいち尾東農協","","",""
"4","ＪＡあいち海部.*","あいち海部農協","","",""
"5","ＪＡあいち知多.*","あいち知多農協","","",""
"6","ＪＡあいち豊田.*","あいち豊田農協","","",""
"7","あいら農.*","あいら農協","","",""
"8","ＪＡあいら.*","あいら農協","","",""
"9","ＪＡバンクあいら.*","あいら農協","","",""
"10","ＪＡあおぞら.*","あおぞら農協","","",""
"11","ＪＡあおば.*","あおば農協","","",""
"12","あかぎ信.*","あかぎ信組","","",""
"13","ＪＡあかし.*","あかし農協","","",""
"14","ＪＡあがつま.*","あがつま農協","","",""
"15","ＪＡあきた北.*","あきた北農協","","",""
"16","ＪＡあきた湖東.*","あきた湖東農協","","",""
"17","ＪＡあきた白神.*","あきた白神農協","","",""
"18","ＪＡあさか野.*","あさか野農協","","",""
"19","ＪＡあさひかわ.*","あさひかわ農協","","",""
"20","ＪＡあしきた.*","あしきた農協","","",""
"21","あすか信.*","あすか信組","","",""
"22","ＪＡあづみ.*","あづみ農協","","",""
"23","あぶくま信.*","あぶくま信金","","",""
"24","ＪＡあまくさ.*","あまくさ農協","","",""
"25","ＪＡあまみ.*","あまみ農協","","",""
"26","ＪＡありだ.*","ありだ農協","","",""
"27","ＪＡあわじ島.*","あわじ島農協","","",""
"28","ＪＡいしのまき.*","いしのまき農協","","",""
"29","ＪＡいすみ.*","いすみ農協","","",""
"30","ＪＡいずみの.*","いずみの農協","","",""
"31","いちい信.*","いちい信金","","",""
"32","ＪＡいなば.*","いなば農協","","",""
"33","ＪＡいび川.*","いび川農協","","",""
"34","ＪＡいぶすき.*","いぶすき農協","","",""
"35","ＪＡいみず野.*","いみず野農協","","",""
"36","ＪＡいるま野.*","いるま野農協","","",""
"37","ＪＡ大東.*","いるま野農協","","",""
"38","いわき信.*","いわき信組","","",""
"39","ＪＡいわて平泉.*","いわて平泉農協","","",""
"40","ＪＡいわみざわ.*","いわみざわ農協","","",""
"41","ＪＡうご.*","うご農協","","",""
"42","ＪＡうま.*","うま農協","","",""
"43","ＪＡえちご上越.*","えちご上越農協","","",""
"44","ＪＡえちご中越.*","えちご中越農協","","",""
"45","ＪＡえひめ中央.*","えひめ中央農協","","",""
"46","ＪＡえひめ南.*","えひめ南農協","","",""
"47","ＪＡえひめ未来.*","えひめ未来農協","","",""
"48","ＪＡえびの市.*","えびの市農協","","",""
"49","ＪＡえんゆう.*","えんゆう農協","","",""
"50","ＪＡおいらせ.*","おいらせ農協","","",""
"51","ＪＡおおぞら.*","おおぞら農協","","",""
"52","おかやま信.*","おかやま信金","","",""
"53","ＪＡかいふ.*","かいふ農協","","",""
"54","ＪＡかづの.*","かづの農協","","",""
"55","ＪＡかとり.*","かとり農協","","",""
"56","かながわ信.*","かながわ信金","","",""
"57","ＪＡかながわ西湘.*","かながわ西湘農協","","",""
"58","ＪＡかみはやし.*","かみはやし農協","","",""
"59","ＪＡきたそらち.*","きたそらち農協","","",""
"60","ＪＡきたみらい.*","きたみらい農協","","",""
"61","きのくに信.*","きのくに信金","","",""
"62","ＪＡきようわ.*","きようわ農協","","",""
"63","きらぼし.*","きらぼし","","",""
"64","ＪＡぎふ.*","ぎふ農協","","",""
"65","ＪＡくまがや.*","くまがや農協","","",""
"66","ぐんまみらい信.*","ぐんまみらい信組","","",""
"67","こばやし農.*","こばやし農協","","",""
"68","ＪＡこばやし.*","こばやし農協","","",""
"69","ＪＡこまち.*","こまち農協","","",""
"70","ＪＡごしよつがる.*","ごしよつがる農協","","",""
"71","ごとう農.*","ごとう農協","","",""
"72","ＪＡごとう.*","ごとう農協","","",""
"73","ＪＡさいかつ.*","さいかつ農協","","",""
"74","ＪＡさいたま.*","さいたま農協","","",""
"75","ＪＡさがえ西村山.*","さがえ西村山農協","","",""
"76","さがみ信.*","さがみ信金","","",""
"77","ＪＡさがみ.*","さがみ農協","","",""
"78","ＪＡさつま日置.*","さつま日置農協","","",""
"79","さわやか信.*","さわやか信金","","",""
"80","しずおか信.*","しずおか焼津信金","","",""
"81","しずおか焼津信.*","しずおか焼津信金","","",""
"82","焼津信.*","しずおか焼津信金","","",""
"83","しののめ信.*","しののめ信金","","",""
"84","しまなみ信.*","しまなみ信金","","",""
"85","しまね信.*","しまね信金","","",""
"86","ＪＡしれとこ斜里.*","しれとこ斜里農協","","",""
"87","そお鹿児島.*","そお鹿児島農協","","",""
"88","ＪＡそお鹿児島.*","そお鹿児島農協","","",""
"89","ＪＡそらち南.*","そらち南農協","","",""
"90","ＪＡたいせつ.*","たいせつ農協","","",""
"91","ＪＡたきかわ.*","たきかわ農協","","",""
"92","ＪＡたじま.*","たじま農協","","",""
"93","たちばな信.*","たちばな信金","","",""
"94","ＪＡちちぶ.*","ちちぶ農協","","",""
"95","ＪＡちばみどり.*","ちばみどり農協","","",""
"96","ＪＡちば東葛.*","ちば東葛農協","","",""
"97","ＪＡつがるにしきた.*","つがるにしきた農協","","",""
"98","ＪＡつがる弘前.*","つがる弘前農協","","",""
"99","ＪＡつくば市谷田部.*","つくば市谷田部農協","","",""
"100","ＪＡつくば市.*","つくば市農協","","",""
"101","ＪＡとうかつ中央.*","とうかつ中央農協","","",""
"102","ＪＡとうや湖.*","とうや湖農協","","",""
"103","ＪＡとなみ野.*","となみ野農協","","",""
"104","ＪＡとぴあ浜松.*","とぴあ浜松農協","","",""
"105","ＪＡとまこまい広域.*","とまこまい広域農協","","",""
"106","ながさき西海農.*","ながさき西海農協","","",""
"107","ＪＡながさき西海.*","ながさき西海農協","","",""
"108","ＪＡ佐世保.*","ながさき西海農協","","",""
"109","ＪＡながぬま.*","ながぬま農協","","",""
"110","ＪＡながの.*","ながの農協","","",""
"111","ＪＡながみね.*","ながみね農協","","",""
"112","ＪＡなごや.*","なごや農協","","",""
"113","ＪＡなのはな.*","なのはな農協","","",""
"114","ＪＡなめがたしおさい.*","なめがたしおさい農協","","",""
"115","ＪＡなんと.*","なんと農協","","",""
"116","にいかわ信.*","にいかわ信金","","",""
"117","ＪＡにいがた岩船.*","にいがた岩船農協","","",""
"118","ＪＡにじ.*","にじ農協","","",""
"119","のぞみ信.*","のぞみ信組","","",""
"120","のと共栄信.*","のと共栄信金","","",""
"121","ＪＡはが野.*","はが野農協","","",""
"122","ＪＡはくい.*","はくい農協","","",""
"123","はくさん信.*","はくさん信金","","",""
"124","北陸信.*","はくさん信金","","",""
"125","鶴来信.*","はくさん信金","","",""
"126","ＪＡはぐくみ.*","はぐくみ農協","","",""
"127","はばたき信.*","はばたき信組","","",""
"128","はまゆう農.*","はまゆう農協","","",""
"129","ＪＡはまゆう.*","はまゆう農協","","",""
"130","ＪＡひすい.*","ひすい農協","","",""
"131","ひまわり信.*","ひまわり信金","","",""
"132","ＪＡひまわり.*","ひまわり農協","","",""
"133","ＪＡひろしま.*","ひろしま農協","","",""
"134","ＪＡびらとり.*","びらとり農協","","",""
"135","ＪＡふかや.*","ふかや農協","","",""
"136","ＪＡふくしま未来.*","ふくしま未来農協","","",""
"137","ＪＡふらの.*","ふらの農協","","",""
"138","ＪＡべつぷ日出.*","べつぷ日出農協","","",""
"139","ＪＡほくさい.*","ほくさい農協","","",""
"140","ＪＡほこた.*","ほこた農協","","",""
"141","ＪＡみい.*","みい農協","","",""
"142","ＪＡみえなか.*","みえなか農協","","",""
"143","ＪＡみくまの.*","みくまの農協","","",""
"144","みずほ(?!信託|証券).*","みずほ","","",""
"145","ＪＡみちのく村山.*","みちのく村山農協","","",""
"146","ＪＡみついし.*","みついし農協","","",""
"147","ＪＡみなみ信州.*","みなみ信州農協","","",""
"148","ＪＡみなみ魚沼.*","みなみ魚沼農協","","",""
"149","ＪＡみな穂.*","みな穂農協","","",""
"150","ＪＡみのり.*","みのり農協","","",""
"151","ＪＡみやぎ亘理.*","みやぎ亘理農協","","",""
"152","ＪＡみやぎ仙南.*","みやぎ仙南農協","","",""
"153","ＪＡみやぎ登米.*","みやぎ登米農協","","",""
"154","ＪＡめぐみの.*","めぐみの農協","","",""
"155","ＪＡもがみ中央.*","もがみ中央農協","","",""
"156","ＪＡやさと.*","やさと農協","","",""
"157","ＪＡゆうき青森.*","ゆうき青森農協","","",""
"158","ゆう貯.*","ゆうちよ","","",""
"159","郵便.*","ゆうちよ","","",""
"160","ゆうちよ.*","ゆうちよ","","",""
"161","郵貯.*","ゆうちよ","","",""
"162","郵政省.*","ゆうちよ","","",""
"163","ＪＡようてい.*","ようてい農協","","",""
"164","ＪＡよこすか葉山.*","よこすか葉山農協","","",""
"165","りそな.*","りそな","","",""
"166","ＪＡるもい.*","るもい農協","","",""
"167","ＪＡわかやま.*","わかやま農協","","",""
"168","アイオー信.*","アイオー信金","","",""
"169","アルプス中央信.*","アルプス中央信金","","",""
"170","ＪＡアルプス.*","アルプス農協","","",""
"171","イオ信.*","イオ信組","","",""
"172","ウリ信.*","ウリ信組","","",""
"173","ＪＡオホーツクはまなす.*","オホーツクはまなす農協","","",""
"174","ＪＡオホーツク網走.*","オホーツク網走農協","","",""
"175","ＪＡクレイン.*","クレイン農協","","",""
"176","ＪＡグリーン大阪.*","グリーン大阪農協","","",""
"177","ＪＡグリーン近江.*","グリーン近江農協","","",""
"178","ＪＡグリーン長野.*","グリーン長野農協","","",""
"179","コザ信.*","コザ信金","","",""
"180","ＪＡサツラク.*","サツラク農協","","",""
"181","ＪＡセレサ川崎.*","セレサ川崎農協","","",""
"182","ニツセイ.*","ニッセイ・ウエルネス生命保険","","",""
"183","ＪＡハイナン.*","ハイナン農協","","",""
"184","ハナ信.*","ハナ信組","","",""
"185","ＪＡハリマ.*","ハリマ農協","","",""
"186","ＪＡピンネ.*","ピンネ農協","","",""
"187","ＪＡフルーツ山梨.*","フルーツ山梨農協","","",""
"188","ＪＡマインズ.*","マインズ農協","","",""
"189","ミレ信.*","ミレ信組","","",""
"190","ＵＢＳ.*","ユービーエス・エイ・ジー","","",""
"191","ＪＡレーク伊吹.*","レーク伊吹農協","","",""
"192","ＪＡレーク滋賀.*","レーク滋賀農協","","",""
"193","一関信.*","一関信金","","",""
"194","七島信.*","七島信組","","",""
"195","ＪＡ三ヶ日町.*","三ヶ日町農協","","",""
"196","三井","三井住友","","",""
"197","三井住友(?!信託|海上火災保険).*","三井住友","","",""
"198","住友","三井住友","","",""
"199","ＳＭＢＣ","三井住友","","",""
"200","三井住友信託.*","三井住友信託","","",""
"201","三井住友海上.*","三井住友海上火災保険","","",""
"202","三井住友火災.*","三井住友海上火災保険","","",""
"203","三重","三十三","","",""
"204","三重銀.*","三十三","","",""
"205","第三.*","三十三","","",""
"206","三島信.*","三島信金","","",""
"207","三条信.*","三条信金","","",""
"208","三條信.*","三條信組","","",""
"209","ＪＡ三浦市.*","三浦市農協","","",""
"210","ＪＡ三潴町.*","三潴町農協","","",""
"211","三菱","三菱ＵＦＪ","","",""
"212","三菱東京","三菱ＵＦＪ","","",""
"213","三菱東京ＵＦＪ.*","三菱ＵＦＪ","","",""
"214","三菱ＵＦＪ(?!信託).*","三菱ＵＦＪ","","",""
"215","三菱ＵＦＪ銀.*","三菱ＵＦＪ","","",""
"216","東京三菱","三菱ＵＦＪ","","",""
"217","東京三菱ＵＦＪ.*","三菱ＵＦＪ","","",""
"218","ＭＵＦＧ","三菱ＵＦＪ","","",""
"219","ＵＦＪ","三菱ＵＦＪ","","",""
"220","ＪＡ三重北.*","三重北農協","","",""
"221","三重県職員信.*","三重県職員信組","","",""
"222","ＪＡ上伊那.*","上伊那農協","","",""
"223","ＪＡ上士幌町.*","上士幌町農協","","",""
"224","ＪＡ上川中央.*","上川中央農協","","",""
"225","上田信.*","上田信金","","",""
"226","ＪＡ上益城.*","上益城農協","","",""
"227","上越信.*","上越信金","","",""
"228","ＪＡ上都賀.*","上都賀農協","","",""
"229","ＪＡ下野.*","下野農協","","",""
"230","世田谷信.*","世田谷信金","","",""
"231","ＪＡ世田谷目黒.*","世田谷目黒農協","","",""
"232","両備信.*","両備信組","","",""
"233","中ノ郷信.*","中ノ郷信組","","",""
"234","中兵庫信.*","中兵庫信金","","",""
"235","中南信.*","中南信金","","",""
"236","中央信.*","中央信組","","",""
"237","中日信.*","中日信金","","",""
"238","ＪＡ中春別.*","中春別農協","","",""
"239","ＪＡ中札内村.*","中札内村農協","","",""
"240","中栄信.*","中栄信金","","",""
"241","ＪＡ中標津町.*","中標津町農協","","",""
"242","ＪＡ中野市.*","中野市農協","","",""
"243","串間市大束農.*","串間市大束農協","","",""
"244","ＪＡ串間市大束.*","串間市大束農協","","",""
"245","ＪＡ大束.*","串間市大束農協","","",""
"246","丸八信.*","丸八信組","","",""
"247","ＪＡ丹波ささやま.*","丹波ささやま農協","","",""
"248","ＪＡ丹波ひかみ.*","丹波ひかみ農協","","",""
"249","ＪＡ久留米市.*","久留米市農協","","",""
"250","ＪＡ九個荘.*","九個荘農協","","",""
"251","九州ひぜん信.*","九州ひぜん信金","","",""
"252","九州信.*","九州信漁連","","",""
"253","亀有信.*","亀有信金","","",""
"254","二本松信.*","二本松信金","","",""
"255","京滋信.*","京滋信組","","",""
"256","京葉.*","京葉","","",""
"257","ＪＡ京都やましろ.*","京都やましろ農協","","",""
"258","京都中央信.*","京都中央信金","","",""
"259","ＪＡ京都中央.*","京都中央農協","","",""
"260","ＪＡ京都丹の国.*","京都丹の国農協","","",""
"261","京都信.*","京都信金","","",""
"262","京都北都信.*","京都北都信金","","",""
"263","ＪＡ京都市.*","京都市農協","","",""
"264","ＪＡ京都","京都農協","","",""
"265","ＪＡ今治立花.*","今治立花農協","","",""
"266","ＪＡ今金町.*","今金町農協","","",""
"267","仙北信.*","仙北信組","","",""
"268","仙南信.*","仙南信金","","",""
"269","ＪＡ仙台.*","仙台農協","","",""
"270","伊万里信.*","伊万里信金","","",""
"271","伊万里市農.*","伊万里市農協","","",""
"272","ＪＡ伊万里市.*","伊万里市農協","","",""
"273","ＪＡ伊勢.*","伊勢農協","","",""
"274","ＪＡ伊賀ふるさと.*","伊賀ふるさと農協","","",""
"275","伊達信.*","伊達信金","","",""
"276","ＪＡ伊達市.*","伊達市農協","","",""
"277","ＪＡ会津よつば.*","会津よつば農協","","",""
"278","会津信.*","会津信金","","",""
"279","会津商工信.*","会津商工信組","","",""
"280","但陽信.*","但陽信金","","",""
"281","但馬信.*","但馬信金","","",""
"282","住友ＳＢＩ.*","住信ＳＢＩネツト","","",""
"283","住信ＳＢＩ.*","住信ＳＢＩネツト","","",""
"284","ＪＡ佐久浅間.*","佐久浅間農協","","",""
"285","佐原信.*","佐原信金","","",""
"286","ＪＡ佐呂間町.*","佐呂間町農協","","",""
"287","ＪＡ佐波伊勢崎.*","佐波伊勢崎農協","","",""
"288","ＪＡ佐渡.*","佐渡農協","","",""
"289","佐銀.*","佐賀","","",""
"290","佐賀信.*","佐賀信金","","",""
"291","佐賀共栄.*","佐賀共栄","","",""
"292","ＪＡ佐賀市中央.*","佐賀市中央農協","","",""
"293","佐賀東信.*","佐賀東信組","","",""
"294","佐賀県医師信.*","佐賀県医師信組","","",""
"295","佐賀県農.*","佐賀県農協","","",""
"296","ＪＡさが.*","佐賀県農協","","",""
"297","ＪＡ佐賀県.*","佐賀県農協","","",""
"298","佐賀西信.*","佐賀西信組","","",""
"299","佐野信.*","佐野信金","","",""
"300","ＪＡ佐野.*","佐野農協","","",""
"301","ＪＡ余市町.*","余市町農協","","",""
"302","ＪＡ余目町.*","余目町農協","","",""
"303","ＪＡ信州うえだ.*","信州うえだ農協","","",""
"304","ＪＡ信州諏訪.*","信州諏訪農協","","",""
"305","倉吉信.*","倉吉信金","","",""
"306","備前信.*","備前日生信金","","",""
"307","備前日生信.*","備前日生信金","","",""
"308","日生信.*","備前日生信金","","",""
"309","備北信.*","備北信金","","",""
"310","備後信.*","備後信組","","",""
"311","ＪＡ児湯.*","児湯農協","","",""
"312","全東栄信.*","全東栄信組","","",""
"313","ＪＡ八代地域.*","八代地域農協","","",""
"314","長野銀行.*","八十二長野","","",""
"315","長野(?!信金|八ヶ岳農協|県信組|県漁協).*","八十二長野","","",""
"316","八十三.*","八十二長野","","",""
"317","ＪＡ八千代市.*","八千代市農協","","",""
"318","八幡信.*","八幡信金","","",""
"319","ＪＡ八戸.*","八戸農協","","",""
"320","ＪＡ八王子市.*","八王子市農協","","",""
"321","共立信.*","共立信組","","",""
"322","兵庫ひまわり信.*","兵庫ひまわり信組","","",""
"323","ＪＡ兵庫みらい.*","兵庫みらい農協","","",""
"324","兵庫信.*","兵庫信金","","",""
"325","ＪＡ兵庫六甲.*","兵庫六甲農協","","",""
"326","ＪＡ兵庫南.*","兵庫南農協","","",""
"327","兵庫県信.*","兵庫県信組","","",""
"328","兵庫県医療信.*","兵庫県医療信組","","",""
"329","兵庫県警察信.*","兵庫県警察信組","","",""
"330","ＪＡ兵庫西.*","兵庫西農協","","",""
"331","ＪＡ内浦町.*","内浦町農協","","",""
"332","函館商工信.*","函館商工信組","","",""
"333","ＪＡ函館市亀田.*","函館市亀田農協","","",""
"334","ＪＡ利根沼田.*","利根沼田農協","","",""
"335","利根郡信.*","利根郡信金","","",""
"336","ＪＡ前橋市.*","前橋市農協","","",""
"337","ＪＡ加古川市南.*","加古川市南農協","","",""
"338","ＪＡ加美よつば.*","加美よつば農協","","",""
"339","加茂信.*","加茂信金","","",""
"340","ＪＡ加賀.*","加賀農協","","",""
"341","ＪＡ北いぶき.*","北いぶき農協","","",""
"342","北おおさか信.*","北おおさか信金","","",""
"343","ＪＡさつま.*","北さつま農協","","",""
"344","ＪＡ北さつま.*","北さつま農協","","",""
"345","ＪＡ北つくば.*","北つくば農協","","",""
"346","ＪＡ北はるか.*","北はるか農協","","",""
"347","ＪＡ北ひびき.*","北ひびき農協","","",""
"348","ＪＡ北びわこ.*","北びわこ農協","","",""
"349","ＪＡ北オホーツク.*","北オホーツク農協","","",""
"350","北上信.*","北上信金","","",""
"351","ＪＡ北九州.*","北九州農協","","",""
"352","北伊勢上野信.*","北伊勢上野信金","","",""
"353","北國.*","北国","","",""
"354","北国.*","北国","","",""
"355","ＪＡ北大阪.*","北大阪農協","","",""
"356","北央信.*","北央信組","","",""
"357","ＪＡ北宗谷.*","北宗谷農協","","",""
"358","ＪＡ北富士.*","北富士農協","","",""
"359","北星信.*","北星信金","","",""
"360","ＪＡ北河内.*","北河内農協","","",""
"361","道銀.*","北海道","","",""
"362","北海道信.*","北海道信金","","",""
"363","ＪＡ北石狩.*","北石狩農協","","",""
"364","北空知信.*","北空知信金","","",""
"365","ＪＡ北群渋川.*","北群渋川農協","","",""
"366","北群馬信.*","北群馬信金","","",""
"367","北見信.*","北見信金","","",""
"368","ＪＡ北越後.*","北越後農協","","",""
"369","北郡信.*","北郡信組","","",""
"370","北門信.*","北門信金","","",""
"371","ＪＡ北魚沼.*","北魚沼農協","","",""
"372","十八.*","十八親和","","",""
"373","親和.*","十八親和","","",""
"374","十勝信.*","十勝信組","","",""
"375","ＪＡ十勝池田町.*","十勝池田町農協","","",""
"376","ＪＡ十勝清水町.*","十勝清水町農協","","",""
"377","ＪＡ十和田おいらせ.*","十和田おいらせ農協","","",""
"378","ＪＡ十日町.*","十日町農協","","",""
"379","ちばぎん.*","千葉","","",""
"380","ＪＡ千葉みらい.*","千葉みらい農協","","",""
"381","千葉信.*","千葉信金","","",""
"382","半田信.*","半田信金","","",""
"383","協栄信.*","協栄信組","","",""
"384","南さつま農.*","南さつま農協","","",""
"385","南さつまＪＡ.*","南さつま農協","","",""
"386","ＪＡ南さつま.*","南さつま農協","","",""
"387","ＪＡ南アルプス市.*","南アルプス市農協","","",""
"388","ＪＡ南幌町.*","南幌町農協","","",""
"389","ＪＡ南彩.*","南彩農協","","",""
"390","南日本.*","南日本","","",""
"391","南銀","南日本","","",""
"392","南筑後農.*","南筑後農協","","",""
"393","ＪＡみなみ筑後.*","南筑後農協","","",""
"394","ＪＡ南筑後.*","南筑後農協","","",""
"395","ＪＡ厚木市.*","厚木市農協","","",""
"396","古川信.*","古川信組","","",""
"397","ＪＡ古川.*","古川農協","","",""
"398","吉備信.*","吉備信金","","",""
"399","ＪＡ名取岩沼.*","名取岩沼農協","","",""
"400","名古屋青果物信.*","名古屋青果物信組","","",""
"401","ＪＡ名西郡.*","名西郡農協","","",""
"402","君津信.*","君津信組","","",""
"403","ＪＡ君津市.*","君津市農協","","",""
"404","呉信.*","呉信金","","",""
"405","呉市職員信.*","呉市職員信組","","",""
"406","ＪＡ周桑.*","周桑農協","","",""
"407","和歌山県医師信.*","和歌山県医師信組","","",""
"408","唐津信.*","唐津信金","","",""
"409","唐津市農.*","唐津農協","","",""
"410","唐津農.*","唐津農協","","",""
"411","ＪＡ唐津.*","唐津農協","","",""
"412","商工中央金庫.*","商工中金","","",""
"413","商工中金.*","商工中金","","",""
"414","商工組合中央金庫.*","商工中金","","",""
"415","ＪＡ土佐くろしお.*","土佐くろしお農協","","",""
"416","土佐信.*","土佐信組","","",""
"417","城北信.*","城北信金","","",""
"418","城南信.*","城南信金","","",""
"419","ＪＡ埼玉ひびきの.*","埼玉ひびきの農協","","",""
"420","ＪＡ埼玉みずほ.*","埼玉みずほ農協","","",""
"421","埼玉りそな.*","埼玉りそな","","",""
"422","ＪＡ埼玉中央.*","埼玉中央農協","","",""
"423","^(?!埼玉県信用$)埼玉[県]?信[^金]*","埼玉信組","","",""
"424","ＪＡ埼玉岡部.*","埼玉岡部農協","","",""
"425","埼玉[県]?信.*[金].*","埼玉県信金","","",""
"426","埼玉県信.*","埼玉県信金","","",""
"427","埼玉縣信.*","埼玉県信金","","",""
"428","埼信.*","埼玉県信金","","",""
"429","埼玉県医師信.*","埼玉県医師信組","","",""
"430","埼玉県漁.*","埼玉県漁協","","",""
"431","ＪＡ堺市.*","堺市農協","","",""
"432","塩沢信.*","塩沢信組","","",""
"433","ＪＡ塩野谷.*","塩野谷農協","","",""
"434","ＪＡ士幌町.*","士幌町農協","","",""
"435","壱岐農.*","壱岐市農協","","",""
"436","壱岐郡農.*","壱岐市農協","","",""
"437","壱岐市農.*","壱岐市農協","","",""
"438","ＪＡ壱岐市.*","壱岐市農協","","",""
"439","ＪＡ夕張市.*","夕張市農協","","",""
"440","たましん.*","多摩信金","","",""
"441","多摩信.*","多摩信金","","",""
"442","ＪＡ多気郡.*","多気郡農協","","",""
"443","ＪＡ多野藤岡.*","多野藤岡農協","","",""
"444","ＪＡ夢みなみ.*","夢みなみ農協","","",""
"445","ＪＡ大井川.*","大井川農協","","",""
"446","大分みらい信.*","大分みらい信金","","",""
"447","大分信.*","大分信金","","",""
"448","ＪＡ大分大山町.*","大分大山町農協","","",""
"449","大分県信.*","大分県信組","","",""
"450","大分県漁.*","大分県漁協","","",""
"451","ＪＡおおいた.*","大分県農協","","",""
"452","ＪＡ大分県.*","大分県農協","","",""
"453","ＪＡ大北.*","大北農協","","",""
"454","大同信.*","大同信組","","",""
"455","大和ネクスト.*","大和ネクスト","","",""
"456","大和信.*","大和信金","","",""
"457","大地みらい信.*","大地みらい信金","","",""
"458","大垣西濃信.*","大垣西濃信金","","",""
"459","大川信.*","大川信金","","",""
"460","大東京信.*","大東京信組","","",""
"461","ＪＡ大樹町.*","大樹町農協","","",""
"462","ＪＡ大津松茂.*","大津松茂農協","","",""
"463","ＪＡ大潟村.*","大潟村農協","","",""
"464","大牟田柳川信.*","大牟田柳川信金","","",""
"465","大田原信.*","大田原信金","","",""
"466","ＪＡ大船渡市.*","大船渡市農協","","",""
"467","大阪シテイ信.*","大阪シテイ信金","","",""
"468","ＪＡ大阪中河内.*","大阪中河内農協","","",""
"469","大阪信.*","大阪信金","","",""
"470","ＪＡ大阪北部.*","大阪北部農協","","",""
"471","大阪協栄信.*","大阪協栄信組","","",""
"472","ＪＡ大阪南.*","大阪南農協","","",""
"473","大阪厚生信.*","大阪厚生信金","","",""
"474","大阪商工信.*","大阪商工信金","","",""
"475","ＪＡ大阪市.*","大阪市農協","","",""
"476","大阪府医師信.*","大阪府医師信組","","",""
"477","大阪府漁.*","大阪府漁協","","",""
"478","大阪府警察信.*","大阪府警察信組","","",""
"479","ＪＡ大阪東部.*","大阪東部農協","","",""
"480","ＪＡ大阪泉州.*","大阪泉州農協","","",""
"481","大阪貯蓄信.*","大阪貯蓄信組","","",""
"482","ＪＡ天白信.*","天白信用農協","","",""
"483","ＪＡ天童市.*","天童市農協","","",""
"484","天草信.*","天草信金","","",""
"485","ＪＡ太田市.*","太田市農協","","",""
"486","奄美信.*","奄美信組","","",""
"487","奄美大島信.*","奄美大島信金","","",""
"488","奈良中央信.*","奈良中央信金","","",""
"489","奈良信.*","奈良信金","","",""
"490","奈良県漁.*","奈良県漁協","","",""
"491","ＪＡ奈良県.*","奈良県農協","","",""
"492","ＪＡ女満別町.*","女満別町農協","","",""
"493","姫路信.*","姫路信金","","",""
"494","ＪＡ嬬恋村.*","嬬恋村農協","","",""
"495","宇和島信.*","宇和島信金","","",""
"496","ＪＡ宇都宮.*","宇都宮農協","","",""
"497","ＪＡ安房.*","安房農協","","",""
"498","ＪＡ宗像.*","宗像農協","","",""
"499","ＪＡ宗谷南.*","宗谷南農協","","",""
"500","室蘭信.*","室蘭信金","","",""
"501","宮古信.*","宮古信金","","",""
"502","宮城県漁.*","宮城県漁協","","",""
"503","宮城第一信.*","宮城第一信金","","",""
"504","宮崎銀行.*","宮崎","","",""
"505","宮銀.*","宮崎","","",""
"506","宮崎中央農.*","宮崎中央農協","","",""
"507","農協宮崎中央","宮崎中央農協","","",""
"508","ＪＡ五十市.*","宮崎中央農協","","",""
"509","ＪＡ児湯.*","宮崎中央農協","","",""
"510","ＪＡ児湯本所.*","宮崎中央農協","","",""
"511","ＪＡ宮崎中央.*","宮崎中央農協","","",""
"512","ＪＡ尾鈴.*","宮崎中央農協","","",""
"513","ＪＡ日向.*","宮崎中央農協","","",""
"514","ＪＡ西都.*","宮崎中央農協","","",""
"515","ＪＡ高千穂地区.*","宮崎中央農協","","",""
"516","太陽(?!生命|生命保険).*","宮崎太陽","","",""
"517","宮崎太陽.*","宮崎太陽","","",""
"518","宮崎県信.*","宮崎県信連","","",""
"519","宮崎県農.*","宮崎県信連","","",""
"520","ＪＡ宮崎信連.*","宮崎県信連","","",""
"521","ＪＡ宮崎県信連.*","宮崎県信連","","",""
"522","宮崎県南部信.*","宮崎県南部信組","","",""
"523","南郷信.*","宮崎第一信金","","",""
"524","宮崎都城信.*","宮崎第一信金","","",""
"525","宮崎信.*","宮崎第一信金","","",""
"526","宮崎第一信.*","宮崎第一信金","","",""
"527","宿毛商銀信.*","宿毛商銀信組","","",""
"528","ＪＡ富士伊豆.*","富士伊豆農協","","",""
"529","富士信.*","富士信金","","",""
"530","富士宮信.*","富士宮信金","","",""
"531","富山信.*","富山信金","","",""
"532","ＪＡ富山市.*","富山市農協","","",""
"533","富山県信.*","富山県信組","","",""
"534","富山県医師信.*","富山県医師信組","","",""
"535","ＪＡ富里市.*","富里市農協","","",""
"536","ＪＡ対馬.*","対馬農協","","",""
"537","ＪＡ小山.*","小山農協","","",""
"538","小松川信.*","小松川信金","","",""
"539","ＪＡ小松市.*","小松市農協","","",""
"540","小浜信.*","小浜信金","","",""
"541","ＪＡ小清水町.*","小清水町農協","","",""
"542","小田原第一信.*","小田原第一信組","","",""
"543","尼崎信.*","尼崎信金","","",""
"544","ＪＡ尾張中央.*","尾張中央農協","","",""
"545","尾西信.*","尾西信金","","",""
"546","ＪＡ尾道市.*","尾道市農協","","",""
"547","ＪＡ尾鈴.*","尾鈴農協","","",""
"548","山口県信.*","山口県信組","","",""
"549","山口県漁.*","山口県漁協","","",""
"550","ＪＡ山口県.*","山口県農協","","",""
"551","ＪＡ山形おきたま.*","山形おきたま農協","","",""
"552","山形中央信.*","山形中央信組","","",""
"553","山形信.*","山形信金","","",""
"554","ＪＡ山形市.*","山形市農協","","",""
"555","山形県医師信.*","山形県医師信組","","",""
"556","山形県漁.*","山形県漁協","","",""
"557","山形第一信.*","山形第一信組","","",""
"558","ＪＡ山形","山形農協","","",""
"559","ＪＡ山梨みらい.*","山梨みらい農協","","",""
"560","山梨信.*","山梨信金","","",""
"561","山梨県民信.*","山梨県民信組","","",""
"562","山梨県漁.*","山梨県漁協","","",""
"563","ＪＡ山武郡市.*","山武郡市農協","","",""
"564","山陰合同.*","山陰合同","","",""
"565","岐阜信.*","岐阜信金","","",""
"566","岐阜商工信.*","岐阜商工信組","","",""
"567","岐阜県医師信.*","岐阜県医師信組","","",""
"568","岐阜県漁.*","岐阜県漁協","","",""
"569","ＪＡ岡山市.*","岡山市農協","","",""
"570","岡山県漁.*","岡山県漁協","","",""
"571","岡崎信.*","岡崎信金","","",""
"572","ＪＡ岩井.*","岩井農協","","",""
"573","ＪＡ岩手ふるさと.*","岩手ふるさと農協","","",""
"574","ＪＡ岩手中央.*","岩手中央農協","","",""
"575","ＪＡ岩手江刺.*","岩手江刺農協","","",""
"576","岩手県医師信.*","岩手県医師信組","","",""
"577","ＪＡ岩沼市.*","岩沼市農協","","",""
"578","ＪＡ峰延.*","峰延農協","","",""
"579","島原市農.*","島原雲仙農協","","",""
"580","島原雲仙農.*","島原雲仙農協","","",""
"581","ＪＡ島原雲仙.*","島原雲仙農協","","",""
"582","島根中央信.*","島根中央信金","","",""
"583","島根益田信.*","島根益田信組","","",""
"584","ＪＡ島根県.*","島根県農協","","",""
"585","島田信.*","島田掛川信金","","",""
"586","島田掛川信.*","島田掛川信金","","",""
"587","掛川信.*","島田掛川信金","","",""
"588","川之江信.*","川之江信金","","",""
"589","川口信.*","川口信金","","",""
"590","川崎信.*","川崎信金","","",""
"591","巣鴨信.*","巣鴨信金","","",""
"592","巻信.*","巻信組","","",""
"593","ＪＡ市原市.*","市原市農協","","",""
"594","ＪＡ市川市.*","市川市農協","","",""
"595","帯広信.*","帯広信金","","",""
"596","ＪＡ帯広大正.*","帯広大正農協","","",""
"597","ＪＡ帯広市川西.*","帯広市川西農協","","",""
"598","ＪＡ常呂町.*","常呂町農協","","",""
"599","ＪＡ常総ひかり.*","常総ひかり農協","","",""
"600","ＪＡ常陸.*","常陸農協","","",""
"601","常陽.*","常陽","","",""
"602","ＪＡ幌延町.*","幌延町農協","","",""
"603","ＪＡ幕別町.*","幕別町農協","","",""
"604","幡多信.*","幡多信金","","",""
"605","平塚信.*","平塚信金","","",""
"606","ＪＡ広尾町.*","広尾町農協","","",""
"607","広島みどり信.*","広島みどり信金","","",""
"608","ＪＡ広島ゆたか.*","広島ゆたか農協","","",""
"609","広島信.*","広島信金","","",""
"610","広島商銀信.*","広島商銀信組","","",""
"611","広島市信.*","広島市信組","","",""
"612","ＪＡ広島市.*","広島市農協","","",""
"613","広島県信.*","広島県信組","","",""
"614","ＪＡ庄内たがわ.*","庄内たがわ農協","","",""
"615","ＪＡ庄内みどり.*","庄内みどり農協","","",""
"616","延岡信.*","延岡信金","","",""
"617","ＪＡ延岡.*","延岡農協","","",""
"618","ＪＡ当麻.*","当麻農協","","",""
"619","徳島信.*","徳島信金","","",""
"620","ＪＡ徳島北.*","徳島北農協","","",""
"621","大正.*","徳島大正","","",""
"622","徳島","徳島大正","","",""
"623","徳島銀行.*","徳島大正","","",""
"624","ＪＡ徳島市.*","徳島市農協","","",""
"625","ＪＡ志賀.*","志賀農協","","",""
"626","ＪＡ忠類.*","忠類農協","","",""
"627","ＪＡ愛媛たいき.*","愛媛たいき農協","","",""
"628","愛媛信.*","愛媛信金","","",""
"629","ＪＡ愛知みなみ.*","愛知みなみ農協","","",""
"630","愛知信.*","愛知信金","","",""
"631","ＪＡ愛知北.*","愛知北農協","","",""
"632","愛知商銀信.*","愛知商銀信組","","",""
"633","ＪＡ愛知東.*","愛知東農協","","",""
"634","愛知県中央信.*","愛知県中央信組","","",""
"635","愛知県医師信.*","愛知県医師信組","","",""
"636","愛知県医療信.*","愛知県医療信組","","",""
"637","愛知県警察信.*","愛知県警察信組","","",""
"638","ＪＡ愛知西.*","愛知西農協","","",""
"639","成協信.*","成協信組","","",""
"640","ＪＡ成田市.*","成田市農協","","",""
"641","房総信.*","房総信組","","",""
"642","ＪＡ掛川市.*","掛川市農協","","",""
"643","ＪＡ摩周湖.*","摩周湖農協","","",""
"644","播州信.*","播州信金","","",""
"645","敦賀信.*","敦賀信金","","",""
"646","文化産業信.*","文化産業信組","","",""
"647","ＪＡ新おたる.*","新おたる農協","","",""
"648","ＪＡ新ひたち野.*","新ひたち野農協","","",""
"649","ＪＡ新みやぎ.*","新みやぎ農協","","",""
"650","新井信.*","新井信金","","",""
"651","ＪＡ新函館.*","新函館農協","","",""
"652","新宮信.*","新宮信金","","",""
"653","ＪＡ新岩手.*","新岩手農協","","",""
"654","新庄信.*","新庄信金","","",""
"655","ＪＡ新庄市.*","新庄市農協","","",""
"656","ＪＡ新得町.*","新得町農協","","",""
"657","新湊信.*","新湊信金","","",""
"658","ＪＡ新潟かがやき.*","新潟かがやき農協","","",""
"659","新潟信.*","新潟信金","","",""
"660","新潟大栄信.*","新潟大栄信組","","",""
"661","ＪＡ新潟市.*","新潟市農協","","",""
"662","新潟県信.*","新潟県信組","","",""
"663","新潟鉄道信.*","新潟鉄道信組","","",""
"664","ＪＡ新田みどり.*","新田みどり農協","","",""
"665","新発田信.*","新発田信金","","",""
"666","ＪＡ新砂川.*","新砂川農協","","",""
"667","ＪＡ新篠津村.*","新篠津村農協","","",""
"668","ＪＡ日向.*","日向農協","","",""
"669","日新信.*","日新信金","","",""
"670","ＤＢＪ","日本政策投資","","",""
"671","国民生活金融公庫.*","日本政策金融公庫","","",""
"672","国民政策金融公庫.*","日本政策金融公庫","","",""
"673","国民生活公庫.*","日本政策金融公庫","","",""
"674","日本政策公庫.*","日本政策金融公庫","","",""
"675","政策金融公庫.*","日本政策金融公庫","","",""
"676","政策公庫.*","日本政策金融公庫","","",""
"677","金融公庫.*","日本政策金融公庫","","",""
"678","公庫","日本政策金融公庫","","",""
"679","ＪＦＣ","日本政策金融公庫","","",""
"680","日本海信.*","日本海信金","","",""
"681","日田信.*","日田信金","","",""
"682","ＪＡ日立市多賀.*","日立市多賀農協","","",""
"683","日高信.*","日高信金","","",""
"684","旭川信.*","旭川信金","","",""
"685","昭和信.*","昭和信金","","",""
"686","ＪＡ晴れの国岡山.*","晴れの国岡山農協","","",""
"687","ＪＡ更別村.*","更別村農協","","",""
"688","ＪＡ月形町.*","月形町農協","","",""
"689","朝日信.*","朝日信金","","",""
"690","朝日新聞信.*","朝日新聞信組","","",""
"691","朝銀西信.*","朝銀西信組","","",""
"692","ＪＡ木更津市.*","木更津市農協","","",""
"693","ＪＡ木曽.*","木曽農協","","",""
"694","ＪＡ木野.*","木野農協","","",""
"695","ＪＡ本別町.*","本別町農協","","",""
"696","ＪＡ本渡五和.*","本渡五和農協","","",""
"697","ＪＡ札内.*","札内農協","","",""
"698","札幌中央信.*","札幌中央信組","","",""
"699","ＪＡ札幌市.*","札幌市農協","","",""
"700","村上信.*","村上信金","","",""
"701","杜の都信.*","杜の都信金","","",""
"702","杜陵信.*","杜陵信組","","",""
"703","ＪＡ東とくしま.*","東とくしま農協","","",""
"704","ＪＡ東びわこ.*","東びわこ農協","","",""
"705","東予信.*","東予信金","","",""
"706","ＪＡ東京あおば.*","東京あおば農協","","",""
"707","ＪＡ東京みどり.*","東京みどり農協","","",""
"708","ＪＡ東京みらい.*","東京みらい農協","","",""
"709","ＪＡ東京むさし.*","東京むさし農協","","",""
"710","東京シテイ信.*","東京シテイ信金","","",""
"711","東京スター.*","東京スター","","",""
"712","ＪＡ東京スマイル.*","東京スマイル農協","","",""
"713","東京ベイ信.*","東京ベイ信金","","",""
"714","東京三協信.*","東京三協信金","","",""
"715","ＪＡ東京中央.*","東京中央農協","","",""
"716","東京信.*","東京信金","","",""
"717","ＪＡ東京南.*","東京南農協","","",""
"718","東京厚生信.*","東京厚生信組","","",""
"719","東京東信.*","東京東信金","","",""
"720","東京消防信.*","東京消防信組","","",""
"721","東京証券信.*","東京証券信組","","",""
"722","東京都職員信.*","東京都職員信組","","",""
"723","東信.*","東信組","","",""
"724","東和.*","東和","","",""
"725","東奥信.*","東奥信金","","",""
"726","ＪＡ東宇和.*","東宇和農協","","",""
"727","ＪＡ東宗谷.*","東宗谷農協","","",""
"728","東山口信.*","東山口信金","","",""
"729","ＪＡ東川町.*","東川町農協","","",""
"730","東日本.*","東日本","","",""
"731","ＪＡ東旭川.*","東旭川農協","","",""
"732","東春信.*","東春信金","","",""
"733","東栄信.*","東栄信金","","",""
"734","ＪＡ東根市.*","東根市農協","","",""
"735","東浴信.*","東浴信組","","",""
"736","東濃信.*","東濃信金","","",""
"737","ＪＡ東神楽.*","東神楽農協","","",""
"738","ＪＡ東美濃.*","東美濃農協","","",""
"739","ＪＡ東能登川.*","東能登川農協","","",""
"740","ＪＡ東西しらかわ.*","東西しらかわ農協","","",""
"741","ＪＡ松任市.*","松任市農協","","",""
"742","ＪＡ松山市.*","松山市農協","","",""
"743","ＪＡ松本ハイランド.*","松本ハイランド農協","","",""
"744","松本信.*","松本信金","","",""
"745","ＪＡ板野郡.*","板野郡農協","","",""
"746","枚方信.*","枚方信金","","",""
"747","柏崎信.*","柏崎信金","","",""
"748","ＪＡ柳川.*","柳川農協","","",""
"749","とちぎ.*","栃木","","",""
"750","栃木(?!信金|県漁協).*","栃木","","",""
"751","栃木信.*","栃木信金","","",""
"752","栃木県漁.*","栃木県漁協","","",""
"753","ＪＡ根上.*","根上農協","","",""
"754","桐生信.*","桐生信金","","",""
"755","桑名三重信.*","桑名三重信金","","",""
"756","ＪＡ梨北.*","梨北農協","","",""
"757","楽天銀行.*","楽天","","",""
"758","ＪＡ標津町.*","標津町農協","","",""
"759","ＪＡ標茶町.*","標茶町農協","","",""
"760","はまぎん.*","横浜","","",""
"761","浜銀.*","横浜","","",""
"762","横浜信.*","横浜信金","","",""
"763","横浜幸銀信.*","横浜幸銀信組","","",""
"764","横浜華銀信.*","横浜華銀信組","","",""
"765","ＪＡ横浜.*","横浜農協","","",""
"766","むさしの","武蔵野","","",""
"767",".*武蔵野(?!支店).*","武蔵野","","",""
"768","武銀.*","武蔵野","","",""
"769","毎日信.*","毎日信組","","",""
"770","ＪＡ比布町.*","比布町農協","","",""
"771","気仙沼信.*","気仙沼信金","","",""
"772","水島信.*","水島信金","","",""
"773","水戸信.*","水戸信金","","",""
"774","ＪＡ水戸.*","水戸農協","","",""
"775","水沢信.*","水沢信金","","",""
"776","ＪＡ水郷つくば.*","水郷つくば農協","","",""
"777","氷見伏木信.*","氷見伏木信金","","",""
"778","ＪＡ氷見市.*","氷見市農協","","",""
"779","永和信.*","永和信金","","",""
"780","江東信.*","江東信組","","",""
"781","沖銀.*","沖縄","","",""
"782","海邦.*","沖縄海邦","","",""
"783","海銀.*","沖縄海邦","","",""
"784","ＪＡ沖縄県.*","沖縄県農協","","",""
"785","沼津信.*","沼津信金","","",""
"786","ＪＡ洗馬.*","洗馬農協","","",""
"787","津信.*","津信金","","",""
"788","ＪＡ津別町.*","津別町農協","","",""
"789","ＪＡ津南町.*","津南町農協","","",""
"790","ＪＡ津安芸.*","津安芸農協","","",""
"791","津山信.*","津山信金","","",""
"792","ＪＡ津軽みらい.*","津軽みらい農協","","",""
"793","ＪＡ浜中町.*","浜中町農協","","",""
"794","浜松いわた信.*","浜松磐田信金","","",""
"795","浜松磐田信.*","浜松磐田信金","","",""
"796","ＪＡ浦幌町.*","浦幌町農協","","",""
"797","ＪＡ海部東.*","海部東農協","","",""
"798","淡路信.*","淡路信金","","",""
"799","ＪＡ淡路日の出.*","淡路日の出農協","","",""
"800","淡陽信.*","淡陽信組","","",""
"801","ＪＡ清水.*","清水農協","","",""
"802","ＪＡ清里町.*","清里町農協","","",""
"803","渡島信.*","渡島信金","","",""
"804","湖東信.*","湖東信金","","",""
"805","ＪＡ湖東.*","湖東農協","","",""
"806","湘南信.*","湘南信金","","",""
"807","ＪＡ湘南.*","湘南農協","","",""
"808","ＪＡ湧別町.*","湧別町農協","","",""
"809","滋賀中央信.*","滋賀中央信金","","",""
"810","滋賀県信.*","滋賀県信組","","",""
"811","滋賀県民信.*","滋賀県民信組","","",""
"812","滋賀県漁.*","滋賀県漁協","","",""
"813","ＪＡ滋賀蒲生町.*","滋賀蒲生町農協","","",""
"814","瀧野川信.*","瀧野川信金","","",""
"815","滝野川信.*","瀧野川信金","","",""
"816","瀬戸信.*","瀬戸信金","","",""
"817","烏山信.*","烏山信金","","",""
"818","熊本フアミリー.*","熊本","","",""
"819","熊本中央信.*","熊本中央信金","","",""
"820","熊本信.*","熊本信金","","",""
"821","熊本宇城農.*","熊本宇城農協","","",""
"822","ＪＡ熊本宇城.*","熊本宇城農協","","",""
"823","熊本市農.*","熊本市農協","","",""
"824","ＪＡ熊本市.*","熊本市農協","","",""
"825","熊本県信.*","熊本県信組","","",""
"826","熊本県医師信.*","熊本県医師信組","","",""
"827","熊本県漁.*","熊本県漁協","","",""
"828","熊本第一信.*","熊本第一信金","","",""
"829","熊谷商工信.*","熊谷商工信組","","",""
"830","玉名農.*","玉名農協","","",""
"831","ＪＡ玉名.*","玉名農協","","",""
"832","玉島信.*","玉島信金","","",""
"833","ＪＡ珠洲市.*","珠洲市農協","","",""
"834","ＪＡ球磨地域.*","球磨地域農協","","",""
"835","琉銀.*","琉球","","",""
"836","ＪＡ甘楽富岡.*","甘楽富岡農協","","",""
"837","田川信.*","田川信金","","",""
"838","ＪＡ田川.*","田川農協","","",""
"839","甲府信.*","甲府信金","","",""
"840","ＪＡ甲賀.*","甲賀農協","","",""
"841","ＪＡ町田市.*","町田市農協","","",""
"842","留萌信.*","留萌信金","","",""
"843","ＪＡ白山.*","白山農協","","",""
"844","白河信.*","白河信金","","",""
"845","益田信.*","益田信組","","",""
"846","盛岡信.*","盛岡信金","","",""
"847","目黒信.*","目黒信金","","",""
"848","ＪＡ直鞍.*","直鞍農協","","",""
"849","相双五城信.*","相双五城信組","","",""
"850","相愛信.*","相愛信組","","",""
"851","ＪＡ相模原市.*","相模原市農協","","",""
"852","ＪＡ相生市.*","相生市農協","","",""
"853","ＪＡ相馬村.*","相馬村農協","","",""
"854","ＪＡ県央愛川.*","県央愛川農協","","",""
"855","真岡信.*","真岡信組","","",""
"856","知多信.*","知多信金","","",""
"857","石動信.*","石動信金","","",""
"858","ＪＡ石川かほく.*","石川かほく農協","","",""
"859","石川県医師信.*","石川県医師信組","","",""
"860","石巻信.*","石巻信金","","",""
"861","石巻商工信.*","石巻商工信組","","",""
"862","ＪＡ石狩市.*","石狩市農協","","",""
"863","砺波信.*","砺波信金","","",""
"864","ＪＡ碓氷安中.*","碓氷安中農協","","",""
"865","碧海信.*","碧海信金","","",""
"866","ＪＡ神奈川つくい.*","神奈川つくい農協","","",""
"867","神奈川県医師信.*","神奈川県医師信組","","",""
"868","神奈川県歯科医師信.*","神奈川県歯科医師信組","","",""
"869","神戸信.*","神戸信金","","",""
"870","神戸市職員信.*","神戸市職員信組","","",""
"871","福邦.*","福井","","",""
"872","福井信.*","福井信金","","",""
"873","福井県医師信.*","福井県医師信組","","",""
"874","ＪＡ福井県.*","福井県農協","","",""
"875","ＪＡ福光.*","福光農協","","",""
"876","ＪＡ福山市.*","福山市農協","","",""
"877","福岡銀行.*","福岡","","",""
"878","福岡ひびき信.*","福岡ひびき信金","","",""
"879","ＪＡ福岡京築.*","福岡京築農協","","",""
"880","福岡信.*","福岡信金","","",""
"881","ＪＡ福岡八女.*","福岡八女農協","","",""
"882","福岡嘉穂農.*","福岡嘉穂農協","","",""
"883","ＪＡ福岡嘉穂.*","福岡嘉穂農協","","",""
"884","ＪＡ福岡大城.*","福岡大城農協","","",""
"885","ＪＡ福岡市東部.*","福岡市東部農協","","",""
"886","ＪＡ福岡市","福岡市農協","","",""
"887","福岡県信.*","福岡県信組","","",""
"888","ＪＡ福岡信連.*","福岡県信連","","",""
"889","福岡県医師信.*","福岡県医師信組","","",""
"890","福岡県庁信.*","福岡県庁信組","","",""
"891","ＪＡ福島さくら.*","福島さくら農協","","",""
"892","福島信.*","福島信金","","",""
"893","福島県商工信.*","福島県商工信組","","",""
"894","福江信.*","福江信組","","",""
"895","福泉信.*","福泉信組","","",""
"896",".*福祉医療機構.*","福祉医療機構","","",""
"897","ＪＡ秋川.*","秋川農協","","",""
"898","ＪＡ秋田おばこ.*","秋田おばこ農協","","",""
"899","ＪＡ秋田しんせい.*","秋田しんせい農協","","",""
"900","ＪＡ秋田たかのす.*","秋田たかのす農協","","",""
"901","ＪＡ秋田なまはげ.*","秋田なまはげ農協","","",""
"902","ＪＡ秋田ふるさと.*","秋田ふるさと農協","","",""
"903","ＪＡ秋田やまもと.*","秋田やまもと農協","","",""
"904","秋田信.*","秋田信金","","",""
"905","秋田県信.*","秋田県信組","","",""
"906","秋田県漁.*","秋田県漁協","","",""
"907","ＪＡ秦野市.*","秦野市農協","","",""
"908","稚内信.*","稚内信金","","",""
"909","ＪＡ種子屋久.*","種子屋久農協","","",""
"910","ＪＡ稲敷.*","稲敷農協","","",""
"911","空知信.*","空知信金","","",""
"912","空知商工信.*","空知商工信組","","",""
"913","ＪＡ笛吹.*","笛吹農協","","",""
"914","笠岡信.*","笠岡信組","","",""
"915","第一勧業信.*","第一勧業信組","","",""
"916","北越","第四北越","","",""
"917","北越銀行.*","第四北越","","",""
"918","第四.*","第四北越","","",""
"919","ＪＡ筑前あさくら.*","筑前あさくら農協","","",""
"920","筑後信.*","筑後信金","","",""
"921","筑波.*","筑波","","",""
"922","ＪＡ筑紫.*","筑紫農協","","",""
"923","米子信.*","米子信金","","",""
"924","米沢信.*","米沢信金","","",""
"925","ＪＡ粕屋.*","粕屋農協","","",""
"926","ＪＡ糸島.*","糸島農協","","",""
"927","糸魚川信.*","糸魚川信組","","",""
"928","ＪＡ紀の里.*","紀の里農協","","",""
"929","紀北信.*","紀北信金","","",""
"930","ＪＡ紀北川上.*","紀北川上農協","","",""
"931","ＪＡ紀南.*","紀南農協","","",""
"932","ＪＡ紀州.*","紀州農協","","",""
"933","結城信.*","結城信金","","",""
"934","網走信.*","網走信金","","",""
"935","ＪＡ綾.*","綾町農協","","",""
"936","ＪＡ緑信用.*","緑信用農協","","",""
"937","ＪＡ美唄市.*","美唄市農協","","",""
"938","ＪＡ美幌町.*","美幌町農協","","",""
"939","ＪＡ美瑛町.*","美瑛町農協","","",""
"940","ＪＡ美馬.*","美馬農協","","",""
"941","群馬県信.*","群馬県信組","","",""
"942","群馬県医師信.*","群馬県医師信組","","",""
"943","群馬県漁.*","群馬県漁協","","",""
"944","羽後信.*","羽後信金","","",""
"945","ＪＡ羽茂.*","羽茂農協","","",""
"946","ＪＡ肝付吾平町.*","肝付吾平町農協","","",""
"947","肥後.*","肥後","","",""
"948","肥銀.*","肥後","","",""
"949","ＪＡ胎内市.*","胎内市農協","","",""
"950","ＪＡ能登わかば.*","能登わかば農協","","",""
"951","ＪＡ能美.*","能美農協","","",""
"952","興栄信.*","興栄信組","","",""
"953","興産信.*","興産信金","","",""
"954","興能信.*","興能信金","","",""
"955","芝信.*","芝信金","","",""
"956","ＪＡ花園.*","花園農協","","",""
"957","花巻信.*","花巻信金","","",""
"958","ＪＡ花巻.*","花巻農協","","",""
"959","ＪＡ芽室町.*","芽室町農協","","",""
"960","ＪＡ苓北町.*","苓北町農協","","",""
"961","苫小牧信.*","苫小牧信金","","",""
"962","ＪＡ茨城みなみ.*","茨城みなみ農協","","",""
"963","ＪＡ茨城むつみ.*","茨城むつみ農協","","",""
"964","ＪＡ茨城旭村.*","茨城旭村農協","","",""
"965","茨城県信.*","茨城県信組","","",""
"966","ＪＡ茨木市.*","茨木市農協","","",""
"967","ＪＡ菊池地域.*","菊池地域農協","","",""
"968","萩山口信.*","萩山口信金","","",""
"969","蒲郡信.*","蒲郡信金","","",""
"970","ＪＡ蒲郡市.*","蒲郡市農協","","",""
"971","ＪＡ西三河.*","西三河農協","","",""
"972","西中国信.*","西中国信金","","",""
"973","西京信.*","西京信金","","",""
"974","西兵庫信.*","西兵庫信金","","",""
"975","ＪＡ西印旛.*","西印旛農協","","",""
"976","ＪＡ西多摩.*","西多摩農協","","",""
"977","ＪＡ西宇和.*","西宇和農協","","",""
"978","西尾信.*","西尾信金","","",""
"979","日本シテイ銀行","西日本シテイ","","",""
"980","西日本シテイ.*","西日本シテイ","","",""
"981","西日本銀行.*","西日本シテイ","","",""
"982","ＪＡ西春日井.*","西春日井農協","","",""
"983","ＪＡ西東京.*","西東京農協","","",""
"984","西武信.*","西武信金","","",""
"985","西海みずき信.*","西海みずき信組","","",""
"986","西海みずき信.*","西海みずき信組","","",""
"987","ＪＡ西美濃.*","西美濃農協","","",""
"988","ＪＡ西都.*","西都農協","","",""
"989","観音寺信.*","観音寺信金","","",""
"990","ＪＡ計根別.*","計根別農協","","",""
"991","諏訪信.*","諏訪信金","","",""
"992","警視庁職員信.*","警視庁職員信組","","",""
"993","豊川信.*","豊川信金","","",""
"994","豊橋信.*","豊橋信金","","",""
"995","豊橋商工信.*","豊橋商工信組","","",""
"996","ＪＡ豊橋.*","豊橋農協","","",""
"997","豊田信.*","豊田信金","","",""
"998","ＪＡ豊頃町.*","豊頃町農協","","",""
"999","ＪＡ赤城橘.*","赤城橘農協","","",""
"1000","ＪＡ越前たけふ.*","越前たけふ農協","","",""
"1001","越前信.*","越前信金","","",""
"1002","ＪＡ越後おぢや.*","越後おぢや農協","","",""
"1003","ＪＡ越智今治.*","越智今治農協","","",""
"1004","ＪＡ越谷市.*","越谷市農協","","",""
"1005","足利(?!小山信金|市農協).*","足利","","",""
"1006","足利小山信.*","足利小山信金","","",""
"1007","ＪＡ足利市.*","足利市農協","","",""
"1008","ＪＡ足寄町.*","足寄町農協","","",""
"1009","足立成和信.*","足立成和信金","","",""
"1010","農林中央金庫.*","農林中金","","",""
"1011","近畿産業信.*","近畿産業信組","","",""
"1012","ＪＡ道北なよろ.*","道北なよろ農協","","",""
"1013","道南うみ街信.*","道南うみ街信金","","",""
"1014","ＪＡ道央.*","道央農協","","",""
"1015","ＪＡ道東あさひ.*","道東あさひ農協","","",""
"1016","ＪＡ遠州中央.*","遠州中央農協","","",""
"1017","遠州信.*","遠州信金","","",""
"1018","ＪＡ遠州夢咲.*","遠州夢咲農協","","",""
"1019","遠賀信.*","遠賀信金","","",""
"1020","遠軽信.*","遠軽信金","","",""
"1021","ＪＡ邑楽館林.*","邑楽館林農協","","",""
"1022","那須信.*","那須信組","","",""
"1023","ＪＡ那須南.*","那須南農協","","",""
"1024","ＪＡ那須野.*","那須野農協","","",""
"1025","郡山信.*","郡山信金","","",""
"1026","都城農.*","都城農協","","",""
"1027","ＪＡ都城.*","都城農協","","",""
"1028","都留信.*","都留信組","","",""
"1029","ＪＡ酒田市袖浦.*","酒田市袖浦農協","","",""
"1030","ＪＡ里浦.*","里浦農協","","",""
"1031","ＪＡ野々市.*","野々市農協","","",""
"1032","ＪＡ金山.*","金山農協","","",""
"1033","金沢中央信.*","金沢中央信組","","",""
"1034","ＪＡ金沢中央.*","金沢中央農協","","",""
"1035","金沢信.*","金沢信金","","",""
"1036","ＪＡ金沢市.*","金沢市農協","","",""
"1037","ＪＡ釧路丹頂.*","釧路丹頂農協","","",""
"1038","釧路信.*","釧路信金","","",""
"1039","ＪＡ釧路太田.*","釧路太田農協","","",""
"1040","ＪＡ鈴鹿.*","鈴鹿農協","","",""
"1041","銚子信.*","銚子信金","","",""
"1042","銚子商工信.*","銚子商工信組","","",""
"1043","長岡信.*","長岡信金","","",""
"1044","長崎銀行.*","長崎","","",""
"1045","長崎三菱信.*","長崎三菱信組","","",""
"1046","長崎県医師信.*","長崎県医師信組","","",""
"1047","ＪＡ長崎県央.*","長崎県央農協","","",""
"1048","長崎西彼農.*","長崎西彼農協","","",""
"1049","ＪＡ長崎西彼.*","長崎西彼農協","","",""
"1050","長浜信.*","長浜信金","","",""
"1051","ＪＡ長生.*","長生農協","","",""
"1052","長野信.*","長野信金","","",""
"1053","ＪＡ長野八ヶ岳.*","長野八ヶ岳農協","","",""
"1054","長野県信.*","長野県信組","","",""
"1055","長野県漁.*","長野県漁協","","",""
"1056","ＪＡ門別町.*","門別町農協","","",""
"1057","関信.*","関信金","","",""
"1058","阿南信.*","阿南信金","","",""
"1059","ＪＡ阿南.*","阿南農協","","",""
"1060","ＪＡ阿寒.*","阿寒農協","","",""
"1061","ＪＡ阿波みよし.*","阿波みよし農協","","",""
"1062","ＪＡ阿波市.*","阿波市農協","","",""
"1063","ＪＡ阿蘇.*","阿蘇農協","","",""
"1064","ＪＡ陶都信用.*","陶都信用農協","","",""
"1065","ＪＡ陸別町.*","陸別町農協","","",""
"1066","青い森信.*","青い森信金","","",""
"1067","青和信.*","青和信組","","",""
"1068","青木信.*","青木信金","","",""
"1069","青梅信.*","青梅信金","","",""
"1070","青森県信.*","青森県信組","","",""
"1071","ＪＡ青森.*","青森農協","","",""
"1072","しずぎん.*","静岡","","",""
"1073","静銀.*","静岡","","",""
"1074","静岡中央.*","静岡中央","","",""
"1075","ＪＡ静岡市.*","静岡市農協","","",""
"1076","静岡県医師信.*","静岡県医師信組","","",""
"1077","静清信.*","静清信金","","",""
"1078","ＪＡ音更町.*","音更町農協","","",""
"1079","須賀川信.*","須賀川信金","","",""
"1080","飛騨信.*","飛騨信組","","",""
"1081","ＪＡ飛騨.*","飛騨農協","","",""
"1082","飯塚信.*","飯塚信金","","",""
"1083","飯塚信.*","飯塚信金","","",""
"1084","飯田信.*","飯田信金","","",""
"1085","飯能信.*","飯能信金","","",""
"1086","館山信.*","館山信金","","",""
"1087","館林信.*","館林信金","","",""
"1088","香川県信.*","香川県信組","","",""
"1089","ＪＡ香川県.*","香川県農協","","",""
"1090","高千穂地区農.*","高千穂地区農協","","",""
"1091","高千穂農.*","高千穂地区農協","","",""
"1092","ＪＡ高千穂地区","高千穂地区農協","","",""
"1093","高山信.*","高山信金","","",""
"1094","高岡信.*","高岡信金","","",""
"1095","ＪＡ高岡市.*","高岡市農協","","",""
"1096","高崎信.*","高崎信金","","",""
"1097","ＪＡ高崎市.*","高崎市農協","","",""
"1098","高松信.*","高松信金","","",""
"1099","ＪＡ高槻市.*","高槻市農協","","",""
"1100","高知信.*","高知信金","","",""
"1101","ＪＡ高知市.*","高知市農協","","",""
"1102","ＪＡ高知県.*","高知県農協","","",""
"1103","高鍋信.*","高鍋信金","","",""
"1104","ＪＡ魚津市.*","魚津市農協","","",""
"1105","ＪＡ鳥取いなば.*","鳥取いなば農協","","",""
"1106","ＪＡ鳥取中央.*","鳥取中央農協","","",""
"1107","鳥取信.*","鳥取信金","","",""
"1108","ＪＡ鳥取西部.*","鳥取西部農協","","",""
"1109","ＪＡ鳴沢村.*","鳴沢村農協","","",""
"1110","ＪＡ鵡川.*","鵡川農協","","",""
"1111","鶴岡信.*","鶴岡信金","","",""
"1112","ＪＡ鶴岡市.*","鶴岡市農協","","",""
"1113","鹿児島銀行.*","鹿児島","","",""
"1114","鹿銀.*","鹿児島","","",""
"1115","鹿児島いずみ農.*","鹿児島いずみ農協","","",""
"1116","ＪＡ鹿児島いずみ.*","鹿児島いずみ農協","","",""
"1117","鹿児島きもつき農.*","鹿児島きもつき農協","","",""
"1118","ＪＡきもつき.*","鹿児島きもつき農協","","",""
"1119","ＪＡ鹿児島きもつき.*","鹿児島きもつき農協","","",""
"1120","かごしまみらい農.*","鹿児島みらい農協","","",""
"1121","かごしま中央農.*","鹿児島みらい農協","","",""
"1122","かごしま農.*","鹿児島みらい農協","","",""
"1123","グリーン鹿児島農.*","鹿児島みらい農協","","",""
"1124","鹿児島みらい農.*","鹿児島みらい農協","","",""
"1125","ＪＡグリーン鹿児島.*","鹿児島みらい農協","","",""
"1126","ＪＡ鹿児島.*","鹿児島みらい農協","","",""
"1127","ＪＡ鹿児島みらい.*","鹿児島みらい農協","","",""
"1128","ＪＡ鹿児島中央.*","鹿児島みらい農協","","",""
"1129","鹿信.*","鹿児島信金","","",""
"1130","鹿児島信.*","鹿児島信金","","",""
"1131","鹿児島県信.*","鹿児島信金","","",""
"1132","鹿児島相互.*","鹿児島相互信金","","",""
"1133","鹿児島相信.*","鹿児島相互信金","","",""
"1134","鹿相互.*","鹿児島相互信金","","",""
"1135","鹿相信.*","鹿児島相互信金","","",""
"1136","鹿児島県信用農.*","鹿児島県信連","","",""
"1137","ＪＡ鹿児島信連.*","鹿児島県信連","","",""
"1138","鹿児島県医師信.*","鹿児島県医師信組","","",""
"1139","鹿児島興業信.*","鹿児島興業信組","","",""
"1140","ＪＡ鹿本.*","鹿本農協","","",""
"1141","鹿沼相互信.*","鹿沼相互信金","","",""
"1142","ＪＡ鹿追町.*","鹿追町農協","","",""
"1143","ＪＡ麻植郡.*","麻植郡農協","","",""
"1144","ＪＡ黒部市.*","黒部市農協","","",""
"1145","ＧＭＯあおぞら.*","ＧＭＯあおぞらネツト","","",""
"1146","ＪＦしまね漁組","ＪＦしまね漁協","","",""
"1147","ジヤパンネツト.*","ＰａｙＰａｙ","","",""
"1148","ペイペイ.*","ＰａｙＰａｙ","","",""
"1149","新生銀行.*","ＳＢＩ新生","","",""
"1150","ＳＢＩ銀行.*","ＳＢＩ新生","","",""
